name,link,img_url
Y U No,/Y-U-No,Y U No
Bad Luck Brian,/Bad-Luck-Brian,Bad Luck Brian
Willy Wonka,/Willy-Wonka,Willy Wonka
The Most Interesting Man In The World,/The-Most-Interesting-Man-In-The-World,The Most Interesting Man In The World
Futurama Fry,/Futurama-Fry,Futurama Fry
Success Kid,/Success-Kid,Success Kid
One Does Not Simply,/One-Does-Not-Simply,One Does Not Simply
First World Problems,/First-World-Problems,First World Problems
Philosoraptor,/Philosoraptor,Philosoraptor
Grumpy Cat ,/Grumpy-Cat,Grumpy Cat 
Winter is Coming,/Winter-Is-Coming,Winter is Coming
Forever Alone,/Forever-Alone,Forever Alone
Good Guy Greg,/Good-Guy-Greg,Good Guy Greg
Scumbag Steve,/Scumbag-Steve,Scumbag Steve
What If I Told You,/What-If-I-Told-You,What If I Told You
Kermit The Frog Drinking Tea,/Kermit-The-Frog-Drinking-Tea,Kermit The Frog Drinking Tea
Conspiracy Keanu,/Conspiracy-Keanu,Conspiracy Keanu
Yo Dawg,/Yo-Dawg,Yo Dawg
All the things,/All-The-Things,All the things
Insanity Wolf,/Insanity-Wolf,Insanity Wolf
Joseph Ducreux,/Joseph-Ducreux,Joseph Ducreux
Trollface,/Trollface,Trollface
Skeptical 3rd World Kid,/Skeptical-3rd-World-Kid,Skeptical 3rd World Kid
Pedobear,/Pedobear,Pedobear
Annoying Facebook Girl,/Annoying-Facebook-Girl,Annoying Facebook Girl
Disaster Girl,/Disaster-Girl,Disaster Girl
Socially Awkward Penguin,/Socially-Awkward-Penguin,Socially Awkward Penguin
Prepare yourself,/Prepare-Yourself,Prepare yourself
Slowpoke,/Slowpoke,Slowpoke
Dr Evil meme,/Dr-Evil-Meme,Dr Evil meme
Advice Yoda Gives,/Advice-Yoda-Gives,Advice Yoda Gives
joker mind loss,/Joker-Mind-Loss,joker mind loss
Stoner Stanley,/Stoner-Stanley,Stoner Stanley
Foul Bachelor Frog,/Foul-Bachelor-Frog,Foul Bachelor Frog
pleaseguy ,/Pleaseguy,pleaseguy 
batman slap robin,/Batman-Slap-Robin,batman slap robin
High Expectations Asian Father,/High-Expectations-Asian-Father,High Expectations Asian Father
Koala can't believe it,/Koala-CanT-Believe-It,Koala can't believe it
MR bean,/Mr-Bean,MR bean
Chuck Norris ,/Chuck-Norris,Chuck Norris 
Overly Attached Girlfriend,/Overly-Attached-Girlfriend,Overly Attached Girlfriend
Butthurt Dweller,/Butthurt-Dweller,Butthurt Dweller
Desk Flip Rage Guy,/Desk-Flip-Rage-Guy,Desk Flip Rage Guy
Whyyy???,/Whyyy,Whyyy???
Business Cat,/Business-Cat,Business Cat
drunk baby 1,/Drunk-Baby-1,drunk baby 1
Correction Guy,/Correction-Guy,Correction Guy
So You're Telling me,/So-YouRe-Telling-Me,So You're Telling me
south park aand it's gone,/South-Park-Aand-ItS-Gone,south park aand it's gone
Skeptical African Child,/Skeptical-African-Child,Skeptical African Child
What if I told you / Matrix Morpheus,/What-If-I-Told-You-Matrix-Morpheus,What if I told you / Matrix Morpheus
Okay Guy,/Okay-Guy,Okay Guy
Sudden Realization Ralph,/Sudden-Realization-Ralph,Sudden Realization Ralph
crying peter parker,/Crying-Peter-Parker,crying peter parker
kill yourself guy,/Kill-Yourself-Guy,kill yourself guy
san juan cholo,/San-Juan-Cholo,san juan cholo
african children dancing,/African-Children-Dancing,african children dancing
Imagination,/Imagination,Imagination
Chemistry Cat,/Chemistry-Cat,Chemistry Cat
ancient alien guy,/Ancient-Alien-Guy,ancient alien guy
See? Nobody Cares,/See-Nobody-Cares,See? Nobody Cares
SouthPark Bad Time meme,/Southpark-Bad-Time-Meme,SouthPark Bad Time meme
Chill Out Lemur,/Chill-Out-Lemur,Chill Out Lemur
Skeptical african kid ,/Skeptical-African-Kid,Skeptical african kid 
Captain Picard,/Captain-Picard,Captain Picard
fat chinese kid,/Fat-Chinese-Kid,fat chinese kid
Angry School Boy,/Angry-School-Boy,Angry School Boy
Courage Wolf,/Courage-Wolf,Courage Wolf
That would be great,/That-Would-Be-Great,That would be great
so doge,/So-Doge,so doge
Internet Husband,/Internet-Husband,Internet Husband
skeptical black kid,/Skeptical-Black-Kid,skeptical black kid
Successful Black Man,/Successful-Black-Man,Successful Black Man
Matrix Morpheus,/Matrix-Morpheus,Matrix Morpheus
Batman Slappp,/Batman-Slappp,Batman Slappp
Provincial Man,/Provincial-Man,Provincial Man
Sad Trooper,/Sad-Trooper,Sad Trooper
Advice Dog,/Advice-Dog,Advice Dog
Archer,/Archer,Archer
Challenge Accepted 2,/Challenge-Accepted-2,Challenge Accepted 2
i should buy a boat cat,/I-Should-Buy-A-Boat-Cat,i should buy a boat cat
Not sure if troll,/Not-Sure-If-Troll,Not sure if troll
Guess who ?,/Guess-Who-,Guess who ?
Stoner Dog,/Stoner-Dog,Stoner Dog
Keep calm and,/Keep-Calm-And,Keep calm and
Sunny Student,/Sunny-Student,Sunny Student
Bear Grylls,/Bear-Grylls,Bear Grylls
Paranoid Parrot,/Paranoid-Parrot,Paranoid Parrot
Socially Awesome Awkward Penguin,/Socially-Awesome-Awkward-Penguin,Socially Awesome Awkward Penguin
iHate,/Ihate,iHate
Awkward Seal,/Awkward-Seal,Awkward Seal
Rage FU,/Rage-Fu,Rage FU
Really Stoned Guy,/Really-Stoned-Guy,Really Stoned Guy
Anxiety Cat,/Anxiety-Cat,Anxiety Cat
Maury Lie Detector,/Maury-Lie-Detector,Maury Lie Detector
crying girl sad,/Crying-Girl-Sad,crying girl sad
Anti Joke Chicken,/Anti-Joke-Chicken,Anti Joke Chicken
Unpopular Opinion Puffin,/Unpopular-Opinion-Puffin,Unpopular Opinion Puffin
Bear Grylls Loneliness,/Bear-Grylls-Loneliness,Bear Grylls Loneliness
Musically Oblivious 8th Grader,/Musically-Oblivious-8th-Grader,Musically Oblivious 8th Grader
Kermit the frog,/Kermit-the-frog,Kermit the frog
sparta,/Sparta,sparta
african kids dancing,/African-Kids-Dancing,african kids dancing
1889 [10] guy,/1889-10-Guy,1889 [10] guy
really high guy,/Really-High-Guy,really high guy
evil toddler kid2,/Evil-Toddler-Kid2,evil toddler kid2
And it's gone,/And-ItS-Gone,And it's gone
spongebob rainbow,/Spongebob-Rainbow,spongebob rainbow
Y U SO,/Y-U-So,Y U SO
Unlucky Brian Strikes Again,/Unlucky-Brian-Strikes-Again,Unlucky Brian Strikes Again
-Sudden Clarity Clarence,/-Sudden-Clarity-Clarence,-Sudden Clarity Clarence
American Pride Eagle,/American-Pride-Eagle,American Pride Eagle
Advice Hitler,/Advice-Hitler,Advice Hitler
Rich Men Laughing,/Rich-Men-Laughing,Rich Men Laughing
Fat Girl,/Fat-Girl,Fat Girl
Yeah If You Could Just,/Yeah-If-You-Could-Just,Yeah If You Could Just
Tough Spongebob,/Tough-Spongebob,Tough Spongebob
Ash Pedreiro,/Ash-Pedreiro,Ash Pedreiro
First Day on the internet kid,/First-Day-On-The-Internet-Kid,First Day on the internet kid
bender blackjack and hookers,/Bender-Blackjack-And-Hookers,bender blackjack and hookers
Oprah You get a,/Oprah-You-Get-A,Oprah You get a
old lady,/Old-Lady,old lady
Vengeance Dad,/Vengeance-Dad,Vengeance Dad
Pawn Stars,/Pawn-Stars,Pawn Stars
Sassy Black Woman,/Sassy-Black-Woman,Sassy Black Woman
Ridiculously Photogenic Metalhead,/Ridiculously-Photogenic-Metalhead,Ridiculously Photogenic Metalhead
Grumpy cat good,/Grumpy-Cat-Good,Grumpy cat good
Angry Arnold,/Angry-Arnold,Angry Arnold
Hipster Ariel,/Hipster-Ariel,Hipster Ariel
"Don't you, Squidward?",/DonT-You-Squidward,"Don't you, Squidward?"
Gangnam Style,/Gangnam-Style,Gangnam Style
Aand Its Gone,/Aand-Its-Gone,Aand Its Gone
Why the fuck,/Why-The-Fuck,Why the fuck
Retail Robin,/Retail-Robin,Retail Robin
mean girls,/Mean-Girls,mean girls
newspaper cat realization,/Newspaper-Cat-Realization,newspaper cat realization
gordo granudo,/Gordo-Granudo,gordo granudo
Obama,/Obama,Obama
so i guess you could say things are getting pretty serious,/So-I-Guess-You-Could-Say-Things-Are-Getting-Pretty-Serious,so i guess you could say things are getting pretty serious
Art Student Owl,/Art-Student-Owl,Art Student Owl
Overly Obsessed Girlfriend,/Overly-Obsessed-Girlfriend,Overly Obsessed Girlfriend
Hipster Kitty,/Hipster-Kitty,Hipster Kitty
Minecraft Creeper,/Minecraft-Creeper,Minecraft Creeper
So Then I Said...,/So-Then-I-Said,So Then I Said...
buddy jesus,/Buddy-Jesus,buddy jesus
Craig would be so happy,/Craig-Would-Be-So-Happy,Craig would be so happy
I don't know who you are...,/I-DonT-Know-Who-You-Are,I don't know who you are...
Skeptical third-world kid,/Skeptical-Third-World-Kid,Skeptical third-world kid
Donald Trump,/Donald-Trump,Donald Trump
Jealous Girl,/Jealous-Girl,Jealous Girl
dr. evil quote,/Dr-Evil-Quote,dr. evil quote
you don't say meme,/You-DonT-Say-Meme,you don't say meme
Lame Pun Coon,/Lame-Pun-Coon,Lame Pun Coon
mindenki nyugodjon le a picsába,/Mindenki-Nyugodjon-Le-A-Picsba,mindenki nyugodjon le a picsába
Bill O'Reilly Proves God,/Bill-Oreilly-Proves-God,Bill O'Reilly Proves God
es bakans,/Es-Bakans,es bakans
skyrim stan,/Skyrim-Stan,skyrim stan
Bane,/Bane,Bane
PTSD Karate Kyle,/PTSD-Karate-Kyle,PTSD Karate Kyle
Trologirl,/Trologirl,Trologirl
yaowonkaxd,/Yaowonkaxd,yaowonkaxd
Look at All the Fucks I Give,/Look-At-All-The-Fucks-I-Give,Look at All the Fucks I Give
overly manlyman,/Overly-Manlyman,overly manlyman
look-marge,/Look-Marge,look-marge
aysi,/Aysi,aysi
Picard facepalm ,/Picard-Facepalm,Picard facepalm 
Pennywise the Clown,/Pennywise-The-Clown,Pennywise the Clown
Racist Dog,/Racist-Dog,Racist Dog
Cool Dog,/Cool-Dog,Cool Dog
In Soviet Russia,/In-Soviet-Russia,In Soviet Russia
FPS N00b,/Fps-N00b,FPS N00b
Crying face,/Crying-Face,Crying face
Pulp Fiction,/Pulp-Fiction,Pulp Fiction
your country needs you,/Your-Country-Needs-You,your country needs you
Thats a paddlin,/Thats-a-paddlin,Thats a paddlin
Bane Meme,/Bane-Meme,Bane Meme
I have no idea what I'm doing - Dog with Tie,/I-Have-No-Idea-What-IM-Doing-Dog-With-Tie,I have no idea what I'm doing - Dog with Tie
You shall not pass,/You-shall-not-pass,You shall not pass
journalist,/Journalist,journalist
Mafia Baby,/Mafia-Baby,Mafia Baby
obama laughing ,/Obama-Laughing,obama laughing 
Blackjack and hookers bender,/Blackjack-And-Hookers-Bender,Blackjack and hookers bender
Omsk Crow,/Omsk-Crow,Omsk Crow
GUESS WHO YOU,/Guess-Who-You,GUESS WHO YOU
Racist Dawg,/Racist-Dawg,Racist Dawg
evil raccoon,/Evil-Raccoon,evil raccoon
Idiot Nerd Girl,/Idiot-Nerd-Girl,Idiot Nerd Girl
Annoying Gamer Kid,/Annoying-Gamer-Kid,Annoying Gamer Kid
"You keep using that word, I don't think it means what you think it means",/You-Keep-Using-That-Word-I-DonT-Think-It-Means-What-You-Think-It-Means,"You keep using that word, I don't think it means what you think it means"
Office Space Boss,/Office-Space-Boss,Office Space Boss
Uncle Dolan,/Uncle-Dolan,Uncle Dolan
Computer kid,/Computer-Kid,Computer kid
Roleplaying Rabbit,/Roleplaying-Rabbit,Roleplaying Rabbit
Technologically Impaired Duck,/Technologically-Impaired-Duck,Technologically Impaired Duck
Pepperidge Farm Remembers FG,/Pepperidge-Farm-Remembers-Fg,Pepperidge Farm Remembers FG
RomneyMakes.com,/RomneymakesCom,RomneyMakes.com
I don't always guy meme,/I-DonT-Always-Guy-Meme,I don't always guy meme
Successful Mexican,/Successful-Mexican,Successful Mexican
FU*CK THAT GUY,/FuCk-That-Guy,FU*CK THAT GUY
Ryan Gosling Hey Girl 3,/Ryan-Gosling-Hey-Girl-3,Ryan Gosling Hey Girl 3
Professor Oak,/Professor-Oak,Professor Oak
Unimpressed Queen,/Unimpressed-Queen,Unimpressed Queen
calamardo me vale,/Calamardo-Me-Vale,calamardo me vale
I will Find You Meme,/I-Will-Find-You-Meme,I will Find You Meme
you mean to tell me black kid,/You-Mean-To-Tell-Me-Black-Kid,you mean to tell me black kid
Bender IMHO,/Bender-Imho,Bender IMHO
Buddy the Elf,/Buddy-The-Elf,Buddy the Elf
Stupid Monkey,/Stupid-Monkey,Stupid Monkey
McKayla Maroney Not Impressed,/Mckayla-Maroney-Not-Impressed,McKayla Maroney Not Impressed
I double dare you,/I-Double-Dare-You,I double dare you
Bad Factman,/Bad-Factman,Bad Factman
Crazy Camel lol,/Crazy-Camel-Lol,Crazy Camel lol
"So I got that going on for me, which is nice",/So-I-Got-That-Going-On-For-Me-Which-Is-Nice,"So I got that going on for me, which is nice"
obama beer,/Obama-Beer,obama beer
Metal Boy From Hell,/Metal-Boy-From-Hell,Metal Boy From Hell
Confused Bill Cosby ,/Confused-Bill-Cosby,Confused Bill Cosby 
God,/God,God
"O SEA,QUÉ PEDO MEM",/O-SeaQu-Pedo-Mem,"O SEA,QUÉ PEDO MEM"
Dr. Evil and His Minions,/Dr-Evil-And-His-Minions,Dr. Evil and His Minions
KD you the real mvp f,/Kd-You-The-Real-Mvp-F,KD you the real mvp f
Minecraft Guy,/Minecraft-Guy,Minecraft Guy
Angry Cat Meme,/Angry-Cat-Meme,Angry Cat Meme
high/drunk guy,/HighDrunk-Guy,high/drunk guy
Everywhere,/Everywhere,Everywhere
Liberal Douche Garofalo,/Liberal-Douche-Garofalo,Liberal Douche Garofalo
mens wearhouse,/Mens-Wearhouse,mens wearhouse
Angry Linus,/Angry-Linus,Angry Linus
x all the y,/X-All-The-Y,x all the y
You're gonna have a bad time,/YouRe-Gonna-Have-A-Bad-Time,You're gonna have a bad time
kill yourself guy blank,/Kill-Yourself-Guy-Blank,kill yourself guy blank
Bill Murray Caddyshack,/Bill-Murray-Caddyshack,Bill Murray Caddyshack
Socially Awesome Penguin,/Socially-Awesome-Penguin,Socially Awesome Penguin
JEALOUS POTTEROMAN,/Jealous-Potteroman,JEALOUS POTTEROMAN
Nick Cage,/Nick-Cage,Nick Cage
Tobey_Maguire,/Tobey-Maguire,Tobey_Maguire
Fallout 3,/Fallout-3,Fallout 3
Douchebag Roommate,/Douchebag-Roommate,Douchebag Roommate
Stalin Says,/Stalin-Says,Stalin Says
Chronic Illness Cat,/Chronic-Illness-Cat,Chronic Illness Cat
Why Can't I Hold All These?!?!?,/Why-CanT-I-Hold-All-These,Why Can't I Hold All These?!?!?
The Godfather,/The-Godfather,The Godfather
Socially Awkward to Awesome Penguin,/Socially-Awkward-To-Awesome-Penguin,Socially Awkward to Awesome Penguin
Correction Man ,/Correction-Man,Correction Man 
Beavis and butthead,/Beavis-And-Butthead,Beavis and butthead
Foul Bachelorette Frog,/Foul-Bachelorette-Frog,Foul Bachelorette Frog
Steve Jobs Says,/Steve-Jobs-Says,Steve Jobs Says
overly attached girl,/Overly-Attached-Girl,overly attached girl
Carl Spackler,/Carl-Spackler,Carl Spackler
You should Feel Bad,/You-Should-Feel-Bad,You should Feel Bad
Black Kid,/Black-Kid,Black Kid
Batman Bitchslap,/Batman-Bitchslap,Batman Bitchslap
nerdy kid lolz,/Nerdy-Kid-Lolz,nerdy kid lolz
Un dia con paoly,/Un-Dia-Con-Paoly,Un dia con paoly
dr. evil quotation marks,/Dr-Evil-Quotation-Marks,dr. evil quotation marks
Dogeeeee,/Dogeeeee,Dogeeeee
Chuck Norris Advice,/Chuck-Norris-Advice,Chuck Norris Advice
Pawn Stars Rick,/Pawn-Stars-Rick,Pawn Stars Rick
teacher,/Teacher,teacher
katt williams shocked,/Katt-Williams-Shocked,katt williams shocked
Scumbag God,/Scumbag-God,Scumbag God
"Yes, this is dog!",/Yes-This-Is-Dog,"Yes, this is dog!"
Anchorman Birthday,/Anchorman-Birthday,Anchorman Birthday
Buzz lightyear meme fixd,/Buzz-Lightyear-Meme-Fixd,Buzz lightyear meme fixd
aaaand its gone,/Aaaand-Its-Gone,aaaand its gone
Dancing black kid,/Dancing-Black-Kid,Dancing black kid
Justin Bieber,/Justin-Bieber,Justin Bieber
Spock,/Spock,Spock
Never Have I Been So Wrong,/Never-Have-I-Been-So-Wrong,Never Have I Been So Wrong
Age Of Empires,/Age-Of-Empires,Age Of Empires
Not today arya,/Not-Today-Arya,Not today arya
you have no power here,/You-Have-No-Power-Here,you have no power here
burning house girl,/Burning-House-Girl,burning house girl
I will find you and kill you,/I-Will-Find-You-And-Kill-You,I will find you and kill you
A mi no me ,/A-Mi-No-Me,A mi no me 
Dolan duck,/Dolan-Duck,Dolan duck
I can haz,/I-Can-Haz,I can haz
NFL Ref Meeting,/Nfl-Ref-Meeting,NFL Ref Meeting
Angry Black Woman,/Angry-Black-Woman,Angry Black Woman
Bad Advice Cat,/Bad-Advice-Cat,Bad Advice Cat
evil plan kid,/Evil-Plan-Kid,evil plan kid
Y aquí pondría si tuviera uno,/Y-Aqu-Pondra-Si-Tuviera-Uno,Y aquí pondría si tuviera uno
Asinine America,/Asinine-America,Asinine America
Patrick Stewart WTF,/Patrick-Stewart-Wtf,Patrick Stewart WTF
Diagnostic House,/Diagnostic-House,Diagnostic House
My Precious Gollum,/My-Precious-Gollum,My Precious Gollum
Funes 20 años,/Funes-20-Aos,Funes 20 años
storytime jesus,/Storytime-Jesus,storytime jesus
Science Cat,/Science-Cat,Science Cat
You were the chosen one ,/You-Were-The-Chosen-One,You were the chosen one 
Blank Black,/Blank-Black,Blank Black
Shirtless Ryan Gosling,/Shirtless-Ryan-Gosling,Shirtless Ryan Gosling
Grumpy Cat Santa Hat,/Grumpy-Cat-Santa-Hat,Grumpy Cat Santa Hat
Pushing Patrick,/Pushing-Patrick,Pushing Patrick
Fat Guy,/Fat-Guy,Fat Guy
oh mer gerd,/Oh-Mer-Gerd,oh mer gerd
Laughing Girls ,/Laughing-Girls,Laughing Girls 
Grumpy Cat 2,/Grumpy-Cat-2,Grumpy Cat 2
Homer retard,/Homer-Retard,Homer retard
Thespian Peacock,/Thespian-Peacock,Thespian Peacock
dolan meme,/Dolan-Meme,dolan meme
went full retard,/Went-Full-Retard,went full retard
Ye Old Englishman,/Ye-Old-Englishman,Ye Old Englishman
if you know what,/If-You-Know-What,if you know what
Generic Indian Guy,/Generic-Indian-Guy,Generic Indian Guy
sad bear,/Sad-Bear,sad bear
Timmy turner's dad IF I HAD ONE!,/Timmy-TurnerS-Dad-If-I-Had-One,Timmy turner's dad IF I HAD ONE!
Pokemon Logic ,/Pokemon-Logic,Pokemon Logic 
dogeee,/Dogeee,dogeee
say what one more time,/Say-What-One-More-Time,say what one more time
That escalated quickly-Ron Burgundy,/That-Escalated-Quickly-Ron-Burgundy,That escalated quickly-Ron Burgundy
Depression Dog,/Depression-Dog,Depression Dog
flniuydl,/Flniuydl,flniuydl
Serious Kip,/Serious-Kip,Serious Kip
Ryan Gosling Hey ,/Ryan-Gosling-Hey,Ryan Gosling Hey 
men in black,/Men-In-Black,men in black
Uncle Dolan pls,/Uncle-Dolan-Pls,Uncle Dolan pls
Niño Malvado - Evil Toddler,/Nio-Malvado-Evil-Toddler,Niño Malvado - Evil Toddler
Bane Permission to Die,/Bane-Permission-To-Die,Bane Permission to Die
Brace yourselves.,/Brace-Yourselves,Brace yourselves.
ProYodaAdvice,/Proyodaadvice,ProYodaAdvice
Raven Symone,/Raven-Symone,Raven Symone
Wise Confucius,/Wise-Confucius,Wise Confucius
Freedom Eagle ,/Freedom-Eagle,Freedom Eagle 
Sophisticated Cat,/Sophisticated-Cat,Sophisticated Cat
Brace Yourself Meme,/Brace-Yourself-Meme,Brace Yourself Meme
Aboriginal,/Aboriginal,Aboriginal
El Arte de Amarte por Nappa,/El-Arte-De-Amarte-Por-Nappa,El Arte de Amarte por Nappa
Jesse Pinkman,/Jesse-Pinkman,Jesse Pinkman
Diabetic Cat,/Diabetic-Cat,Diabetic Cat
spoderman,/Spoderman,spoderman
MadDog (The Raid),/Maddog-The-Raid,MadDog (The Raid)
i see dead people,/I-See-Dead-People,i see dead people
Luke skywalker nooooooo,/Luke-Skywalker-Nooooooo,Luke skywalker nooooooo
GLADIATOR,/Gladiator,GLADIATOR
Advice God,/Advice-God,Advice God
These are not the droids you were looking for,/These-Are-Not-The-Droids-You-Were-Looking-For,These are not the droids you were looking for
Simpsons' Homer,/Simpsons-Homer,Simpsons' Homer
stevie wonder,/Stevie-Wonder,stevie wonder
LeBron James,/Lebron-James,LeBron James
Say what again,/Say-What-Again,Say what again
Sgt. Foley,/Sgt-Foley,Sgt. Foley
Horney Samus,/Horney-Samus,Horney Samus
It was a good day,/It-Was-A-Good-Day,It was a good day
Gordo Nerd,/Gordo-Nerd,Gordo Nerd
How tough are you,/How-Tough-Are-You,How tough are you
praise the lord cat,/Praise-The-Lord-Cat,praise the lord cat
Bob Ross,/Bob-Ross,Bob Ross
MAURY PV,/Maury-Pv,MAURY PV
Sir Courage Wolf Esquire,/Sir-Courage-Wolf-Esquire,Sir Courage Wolf Esquire
Scary Nympho,/Scary-Nympho,Scary Nympho
Look at all the things,/Look-At-All-The-Things,Look at all the things
What do we say to the god of death ? ,/What-Do-We-Say-To-The-God-Of-Death-,What do we say to the god of death ? 
Ecstatic Michael Phelps,/Ecstatic-Michael-Phelps,Ecstatic Michael Phelps
Duck Dynasty - Uncle Si ,/Duck-Dynasty-Uncle-Si,Duck Dynasty - Uncle Si 
Not Impressed McKayla,/Not-Impressed-Mckayla,Not Impressed McKayla
Hilda de Caballito,/Hilda-De-Caballito,Hilda de Caballito
what if i told you matri,/What-If-I-Told-You-Matri,what if i told you matri
sad stormtrooper,/Sad-Stormtrooper,sad stormtrooper
Counter Strike,/Counter-Strike,Counter Strike
Slender game,/Slender-Game,Slender game
YAAZZ,/Yaazz,YAAZZ
That'd be great guy,/ThatD-Be-Great-Guy,That'd be great guy
Sith Lord,/Sith-Lord,Sith Lord
Quien dijo que es malo es bkn,/Quien-Dijo-Que-Es-Malo-Es-Bkn,Quien dijo que es malo es bkn
90s Problems,/90s-Problems,90s Problems
Xbox one aint nobody got time for that shit.,/Xbox-One-Aint-Nobody-Got-Time-For-That-Shit,Xbox one aint nobody got time for that shit.
sudden realization guy,/Sudden-Realization-Guy,sudden realization guy
cristianoronaldo,/Cristianoronaldo,cristianoronaldo
NICKI MINAJ,/Nicki-Minaj,NICKI MINAJ
No se quiera pasar de verga we,/No-Se-Quiera-Pasar-De-Verga-We,No se quiera pasar de verga we
Advice Jew,/Advicejew,Advice Jew
Dumb Blonde,/Dumb-Blonde,Dumb Blonde
good advice duck,/Good-Advice-Duck,good advice duck
Frodo ,/Frodo,Frodo 
Grumpy cat 5,/Grumpy-Cat-5,Grumpy cat 5
Housella ei suju,/Housella-Ei-Suju,Housella ei suju
OP will surely deliver skeleton,/Op-Will-Surely-Deliver-Skeleton,OP will surely deliver skeleton
Fry squint,/Fry-Squint,Fry squint
felix baumgartner,/Felix-Baumgartner,felix baumgartner
The Count from Sesame Street,/The-Count-From-Sesame-Street,The Count from Sesame Street
Justin Beiber,/Justin-Beiber,Justin Beiber
ill just wait here,/Ill-Just-Wait-Here,ill just wait here
Jack Nicholson - You can't handle the truth!,/Jack-Nicholson-You-CanT-Handle-The-Truth,Jack Nicholson - You can't handle the truth!
Obese American,/Obese-American,Obese American
Baby $wag,/Baby-Wag,Baby $wag
Sad Face Guy,/Sad-Face-Guy,Sad Face Guy
Annoying Gym Newbie,/Annoying-Gym-Newbie,Annoying Gym Newbie
sparta kick,/Sparta-Kick,sparta kick
Progressive Guitarist,/Progressive-Guitarist,Progressive Guitarist
Good Guy Greg's dog,/Good-Guy-GregS-Dog,Good Guy Greg's dog
Dr. Phil,/Dr-Phil,Dr. Phil
we will rebuild ,/We-Will-Rebuild,we will rebuild 
Evil Asian Baby,/Evil-Asian-Baby,Evil Asian Baby
Good Guy Jesus,/Good-Guy-Jesus,Good Guy Jesus
Jack.Sparrow.,/JackSparrow,Jack.Sparrow.
Stay classy,/Stay-Classy,Stay classy
Batman Slap Robin Blasphemy,/Batman-Slap-Robin-Blasphemy,Batman Slap Robin Blasphemy
y u no work,/Y-U-No-Work,y u no work
Crafty Interpreter,/Crafty-Interpreter,Crafty Interpreter
Depressed Minecraft Guy,/Depressed-Minecraft-Guy,Depressed Minecraft Guy
Ermahgerd Girl,/Ermahgerd-Girl,Ermahgerd Girl
Privilege Denying Dude,/Privilege-Denying-Dude,Privilege Denying Dude
Serj Tankian,/Serj-Tankian,Serj Tankian
Overly-Excited Oprah!!! ,/Overly-Excited-Oprah,Overly-Excited Oprah!!! 
hay tabla,/Hay-Tabla,hay tabla
Forever Alone Date Myself Fail Life,/Forever-Alone-Date-Myself-Fail-Life,Forever Alone Date Myself Fail Life
Casos de Familia,/Casos-De-Familia,Casos de Familia
Woah watch out we got a badass over here,/Woah-Watch-Out-We-Got-A-Badass-Over-Here,Woah watch out we got a badass over here
Tyler Durden,/Tyler-Durden,Tyler Durden
Jay Z problem,/Jay-Z-Problem,Jay Z problem
skyrim whiterun guard,/Skyrim-Whiterun-Guard,skyrim whiterun guard
Pizzeria Los Hijos de Puta,/Pizzeria-Los-Hijos-De-Puta,Pizzeria Los Hijos de Puta
no memory gandalf,/No-Memory-Gandalf,no memory gandalf
"English motherfucker, do you speak it?",/English-Motherfucker-Do-You-Speak-It,"English motherfucker, do you speak it?"
Please guy,/Please-Guy,Please guy
Santa Claus Troll Face,/Santa-Claus-Troll-Face,Santa Claus Troll Face
Clingy Girlfriend,/Clingy-Girlfriend,Clingy Girlfriend
Ric Flair,/Ric-Flair,Ric Flair
ollie williams,/Ollie-Williams,ollie williams
Fuck Yeah Band Buffalo,/Fuck-Yeah-Band-Buffalo,Fuck Yeah Band Buffalo
Dat Ash,/Dat-Ash,Dat Ash
Birthday Grumpy Cat,/Birthday-Grumpy-Cat,Birthday Grumpy Cat
Captain Picard So Much Win!,/Captain-Picard-So-Much-Win,Captain Picard So Much Win!
Lawn Chair Blown Over,/Lawn-Chair-Blown-Over,Lawn Chair Blown Over
Old russian advisor,/Old-Russian-Advisor,Old russian advisor
"¿O sea,que pedo?",/O-SeaQue-Pedo,"¿O sea,que pedo?"
Advice Skrillex,/Advice-Skrillex,Advice Skrillex
Do You Even Lift Guy,/Do-You-Even-Lift-Guy,Do You Even Lift Guy
darth sidious mun,/Darth-Sidious-Mun,darth sidious mun
if i had one doubled,/If-I-Had-One-Doubled,if i had one doubled
overly manly man,/Overly-Manly-Man,overly manly man
Sheltering Suburban Mom,/Sheltering-Suburban-Mom,Sheltering Suburban Mom
Chubby Bubbles Girl,/Chubby-Bubbles-Girl,Chubby Bubbles Girl
Are you serious face ,/Are-You-Serious-Face,Are you serious face 
reagan white house laughing,/Reagan-White-House-Laughing,reagan white house laughing
Spongebob Imagination,/Spongebob-Imagination,Spongebob Imagination
Non Jealous Girl,/Non-Jealous-Girl,Non Jealous Girl
budnyawkoi,/Budnyawkoi,budnyawkoi
Borat Meme,/Borat-Meme,Borat Meme
Call Of Duty Addict,/Call-Of-Duty-Addict,Call Of Duty Addict
Nemo Seagulls,/Nemo-Seagulls,Nemo Seagulls
Mugatu ,/Mugatu,Mugatu 
If I had one- Timmy's Dad,/If-I-Had-One-TimmyS-Dad,If I had one- Timmy's Dad
sixth sense,/Sixth-Sense,sixth sense
SCARED BLACK MAN,/Scared-Black-Man,SCARED BLACK MAN
truestoryxd,/Truestoryxd,truestoryxd
Annoyed Picard,/Annoyed-Picard,Annoyed Picard
South Park Wow Guy,/South-Park-Wow-Guy,South Park Wow Guy
South Park Craig,/South-Park-Craig,South Park Craig
Christopher Walken Cowbell,/Christopher-Walken-Cowbell,Christopher Walken Cowbell
bane cat,/Bane-Cat,bane cat
Fanfic Flamingo,/Fanfic-Flamingo,Fanfic Flamingo
Noob kid,/Noob-Kid,Noob kid
Badvice Derpy,/Badvice-Derpy,Badvice Derpy
Kill Yourself Please,/Kill-Yourself-Please,Kill Yourself Please
Su nivel de Vegeta,/Su-Nivel-De-Vegeta,Su nivel de Vegeta
remboraiden,/Remboraiden,remboraiden
GAAAY,/Gaaay,GAAAY
Sims,/Sims,Sims
"Obi Wan Kenobi ""You were my brother!""",/Obi-Wan-Kenobi-You-Were-My-Brother,"Obi Wan Kenobi ""You were my brother!"""
Where's Waldo,/WhereS-Waldo,Where's Waldo
CM Punk Apologize!,/Cm-Punk-Apologize,CM Punk Apologize!
Ordinary Muslim Man,/Ordinary-Muslim-Man,Ordinary Muslim Man
y you no,/Y-You-No,y you no
Ted Movie,/Ted-Movie,Ted Movie
What you talkin' bout Willis ,/What-You-Talkin-Bout-Willis,What you talkin' bout Willis 
unimpressed McKayla Maroney 2,/Unimpressed-Mckayla-Maroney-2,unimpressed McKayla Maroney 2
KONY THE PIMP,/Kony-The-Pimp,KONY THE PIMP
zjarany zbyszek,/Zjarany-Zbyszek,zjarany zbyszek
Douchebag College Freshman,/Douchebag-College-Freshman,Douchebag College Freshman
obsessed girlfriend,/Obsessed-Girlfriend,obsessed girlfriend
Whisper Sloth,/Whisper-Sloth,Whisper Sloth
neil degrasse tyson reaction,/Neil-Degrasse-Tyson-Reaction,neil degrasse tyson reaction
typical_proger,/Typical-Proger,typical_proger
slender man,/Slender-Man,slender man
veo gente muerta,/Veo-Gente-Muerta,veo gente muerta
mickey mouse,/Mickey-Mouse,mickey mouse
Sad Zoidberg,/Sad-Zoidberg,Sad Zoidberg
Martin Luther King jr. ,/Martin-Luther-King-Jr,Martin Luther King jr. 
Insanity Scene Wolf,/Insanity-Scene-Wolf,Insanity Scene Wolf
ALFREDO LIM MEME,/Alfredo-Lim-Meme,ALFREDO LIM MEME
Programmers son,/Programmers-Son,Programmers son
YU NO,/Yu-No,YU NO
Malicious advice mallard,/Malicious-Advice-Mallard,Malicious advice mallard
Stereotypical Redneck,/Stereotypical-Redneck,Stereotypical Redneck
Uso Carruso,/Uso-Carruso,Uso Carruso
typical_proger_new,/Typical-Proger-New,typical_proger_new
Feminist Cunt,/Feminist-Cunt,Feminist Cunt
Flip table meme,/Flip-Table-Meme,Flip table meme
Moralfag Mitch,/Moralfag-Mitch,Moralfag Mitch
Scumbag nerd,/Scumbag-Nerd,Scumbag nerd
Office space,/Office-Space,Office space
R. Lee Ermey,/R-Lee-Ermey,R. Lee Ermey
I know that feel bro blank,/I-Know-That-Feel-Bro-Blank,I know that feel bro blank
The Dude,/The-Dude,The Dude
Spidermanwhisper,/Spidermanwhisper,Spidermanwhisper
aint nobody got time fo dat,/Aint-Nobody-Got-Time-Fo-Dat,aint nobody got time fo dat
stahp guise,/Stahp-Guise,stahp guise
Ain`t nobody got time fot dat,/AinT-Nobody-Got-Time-Fot-Dat,Ain`t nobody got time fot dat
La Tipa Hueca,/La-Tipa-Hueca,La Tipa Hueca
Patrick Star Instrument,/Patrick-Star-Instrument,Patrick Star Instrument
Thug Life on a Trike,/Thug-Life-On-A-Trike,Thug Life on a Trike
oh crap,/Oh-Crap,oh crap
Socially Lazy Sloth,/Socially-Lazy-Sloth,Socially Lazy Sloth
Whose Line,/Whose-Line,Whose Line
Maori Guy,/Maori-Guy,Maori Guy
Friendly creepy guy,/Friendly-Creepy-Guy,Friendly creepy guy
Dwight from the Office,/Dwight-From-The-Office,Dwight from the Office
Maiden Philologist,/Maiden-Philologist,Maiden Philologist
The Portuguese,/The-Portuguese,The Portuguese
escobar el patron del mal,/Escobar-El-Patron-Del-Mal,escobar el patron del mal
Jewish Dude,/Jewish-Dude,Jewish Dude
Donkey Shrek,/Donkey-Shrek,Donkey Shrek
Ain't nobody got time fo dat so,/AinT-Nobody-Got-Time-Fo-Dat-So,Ain't nobody got time fo dat so
THIS IS SPARTAAA!!11!1,/This-Is-Spartaaa111,THIS IS SPARTAAA!!11!1
I Don't Want to Live in this Planet Anymore,/I-DonT-Want-To-Live-In-This-Planet-Anymore,I Don't Want to Live in this Planet Anymore
PEE WEE HERMAN,/Pee-Wee-Herman,PEE WEE HERMAN
Double Facepalm,/Double-Facepalm,Double Facepalm
and they're gone,/And-TheyRe-Gone,and they're gone
spongebob chocolate guy,/Spongebob-Chocolate-Guy,spongebob chocolate guy
Russian Boozer,/Russian-Boozer,Russian Boozer
Suicide Stewie,/Suicide-Stewie,Suicide Stewie
Star wars,/Star-Wars,Star wars
Drum And Bass Guy,/Drum-And-Bass-Guy,Drum And Bass Guy
Alf Stewart,/Alf-Stewart,Alf Stewart
Zombie,/Zombie,Zombie
Raptor,/Raptor,Raptor
anchorman,/Anchorman,anchorman
scared cat,/Scared-Cat,scared cat
Overly Accepting Thor,/Overly-Accepting-Thor,Overly Accepting Thor
omskcrow,/Omskcrow,omskcrow
Nek minnit man,/Nek-Minnit-Man,Nek minnit man
Advice Borat,/Advice-Borat,Advice Borat
Pedo Pope,/Pedo-Pope,Pedo Pope
Abuelaold,/Abuelaold,Abuelaold
Drake quotes,/Drake-Quotes,Drake quotes
why not both girl,/Why-Not-Both-Girl,why not both girl
Chuck Testa Nope,/Chuck-Testa-Nope,Chuck Testa Nope
Uncle sam wants you!,/Uncle-Sam-Wants-You,Uncle sam wants you!
Contradictory Chris,/Contradictory-Chris,Contradictory Chris
GRUMPY CAT ON CHRISTMAS,/Grumpy-Cat-On-Christmas,GRUMPY CAT ON CHRISTMAS
Dumb Whore Gina Rinehart,/Dumb-Whore-Gina-Rinehart,Dumb Whore Gina Rinehart
NOKIA 3310CHUCK2,/Nokia-3310chuck2,NOKIA 3310CHUCK2
melcochita,/Melcochita,melcochita
Yeah....Sure,/YeahSure,Yeah....Sure
Morality Pope,/Morality-Pope,Morality Pope
crazy girlfriend meme heh,/Crazy-Girlfriend-Meme-Heh,crazy girlfriend meme heh
Advice Peeta,/Advice-Peeta,Advice Peeta
Beating a Dead Horse stormtrooper,/Beating-A-Dead-Horse-Stormtrooper,Beating a Dead Horse stormtrooper
Khaaan,/Khaaan,Khaaan
typical ballroom dancer,/Typical-Ballroom-Dancer,typical ballroom dancer
George Bush,/George-Bush,George Bush
Ryan Lochte,/Ryan-Lochte,Ryan Lochte
SUPERSEXYMARIO,/Supersexymario,SUPERSEXYMARIO
Star Trek: Pakled,/Star-Trek-Pakled,Star Trek: Pakled
hurting henry,/Hurting-Henry,hurting henry
and im just sitting here masterbating,/And-Im-Just-Sitting-Here-Masterbating,and im just sitting here masterbating
Hipster Cat,/Hipster-Cat,Hipster Cat
Maury Povich Father,/Maury-Povich-Father,Maury Povich Father
ODN,/Odn,ODN
Jar Jar Binks,/Jar-Jar-Binks,Jar Jar Binks
cjhanks,/Cjhanks,cjhanks
Unicorn man ,/Unicorn-Man,Unicorn man 
Archaic Rap,/Archaic-Rap,Archaic Rap
Osama,/Osama,Osama
Pedo Bear From Beyond,/Pedo-Bear-From-Beyond,Pedo Bear From Beyond
Calamardo Says,/Calamardo-Says,Calamardo Says
mr rogers ,/Mr-Rogers,mr rogers 
Capitalist Win,/Capitalist-Win,Capitalist Win
Inappropriate Timing Bill Clinton,/Inappropriate-Timing-Bill-Clinton,Inappropriate Timing Bill Clinton
Francseco Schettino,/Francseco-Schettino,Francseco Schettino
angry cat asshole,/Angry-Cat-Asshole,angry cat asshole
Praying Otter,/Praying-Otter,Praying Otter
One Does Not Simply Harry S.,/One-Does-Not-Simply-Harry-S,One Does Not Simply Harry S.
SAW - I wanna play a game,/Saw-I-Wanna-Play-A-Game,SAW - I wanna play a game
Good Girl Ana,/Good-Girl-Ana,Good Girl Ana
Advice Zoog,/Advice-Zoog,Advice Zoog
Fat Bastard,/Fat-Bastard,Fat Bastard
Adam Levine,/Adam-Levine,Adam Levine
Advice Polack,/Advice-Polack,Advice Polack
Musicnerdoctopus,/Musicnerdoctopus,Musicnerdoctopus
Privilege Denying Feminist,/Privilege-Denying-Feminist,Privilege Denying Feminist
Jay Wilson Diablo 3,/Jay-Wilson-Diablo-3,Jay Wilson Diablo 3
Pick Up Perv,/Pick-Up-Perv,Pick Up Perv
Eating Disorder Owl,/Eating-Disorder-Owl,Eating Disorder Owl
goku,/Goku,goku
I dare you! I double dare you motherfucker!,/I-Dare-You-I-Double-Dare-You-Motherfucker,I dare you! I double dare you motherfucker!
History Major Heraldic Beast,/History-Major-Heraldic-Beast,History Major Heraldic Beast
Bipolar Owl,/Bipolar-Owl,Bipolar Owl
Milk was a bad choice,/Milk-Was-A-Bad-Choice,Milk was a bad choice
Pooperbell,/Pooperbell,Pooperbell
Hypocritical John Cena,/Hypocritical-John-Cena,Hypocritical John Cena
Just-Lazy-Sloth,/Just-Lazy-Sloth,Just-Lazy-Sloth
Only then you have my permission to die,/Only-Then-You-Have-My-Permission-To-Die,Only then you have my permission to die
fuck me right jonah hill,/Fuck-Me-Right-Jonah-Hill,fuck me right jonah hill
Scytheman,/Scytheman,Scytheman
Angry Cenk,/Angry-Cenk,Angry Cenk
And then we told them...,/And-Then-We-Told-Them,And then we told them...
Homer Advice,/Homer-Advice,Homer Advice
Lumberg,/Lumberg,Lumberg
I volunteer as tribute Katniss,/I-Volunteer-As-Tribute-Katniss,I volunteer as tribute Katniss
Scumbag America2,/Scumbag-America2,Scumbag America2
Hey Girl,/Hey-Girl,Hey Girl
No cat,/No-Cat,No cat
Patient Bear,/Patient-Bear,Patient Bear
bivaloe,/Bivaloe,bivaloe
Guffdead,/Guffdead,Guffdead
Afraid Yao Ming trollface,/Afraid-Yao-Ming-Trollface,Afraid Yao Ming trollface
potential emigrant,/Potential-Emigrant,potential emigrant
Lil Wayne Meme,/Lil-Wayne-Meme,Lil Wayne Meme
Mario Says,/Mario-Says,Mario Says
Only Cried for 20 minutes Spongebob,/Only-Cried-For-20-Minutes-Spongebob,Only Cried for 20 minutes Spongebob
Paulo Coelho,/Paulo-Coelho,Paulo Coelho
Sexually Forward Mordecai,/Sexually-Forward-Mordecai,Sexually Forward Mordecai
"Bitch, Please grammar",/Bitch-Please-Grammar,"Bitch, Please grammar"
It's about sending a message,/ItS-About-Sending-A-Message,It's about sending a message
Angry Walter With Gun,/Angry-Walter-With-Gun,Angry Walter With Gun
green fan,/Green-Fan,green fan
novia pesada,/Novia-Pesada,novia pesada
That's What She Said,/ThatS-What-She-Said,That's What She Said
TERRIBLE E-100 DRIVER,/Terrible-E-100-Driver,TERRIBLE E-100 DRIVER
Julia Gillard,/Julia-Gillard,Julia Gillard
Pickup Line Panda,/Pickup-Line-Panda,Pickup Line Panda
Right In The Childhood Man,/Right-In-The-Childhood-Man,Right In The Childhood Man
Oh You Dog,/Oh-You-Dog,Oh You Dog
Rich Raven,/Rich-Raven,Rich Raven
Kawaii Uguu,/Kawaii-Uguu,Kawaii Uguu
Jonnen Neuvo,/Jonnen-Neuvo,Jonnen Neuvo
Rocky Balboa,/Rocky-Balboa,Rocky Balboa
Mr angry cat,/Mr-Angry-Cat,Mr angry cat
Comic book guy simpsons,/Comic-Book-Guy-Simpsons,Comic book guy simpsons
Honey BooBoo,/Honey-Booboo,Honey BooBoo
PSYLOL,/Psylol,PSYLOL
Dark Daria,/Dark-Daria,Dark Daria
Born In It Bane,/Born-In-It-Bane,Born In It Bane
The Olympic Queen,/The-Olympic-Queen,The Olympic Queen
AY YA,/Ay-Ya,AY YA
true life,/True-Life,true life
Anakin Skywalker,/Anakin-Skywalker,Anakin Skywalker
tristolla ,/Tristolla,tristolla 
Breaking bad jesse,/Breaking-Bad-Jesse,Breaking bad jesse
ermahgerd berks,/Ermahgerd-Berks,ermahgerd berks
profe el tambien estaba hablando,/Profe-El-Tambien-Estaba-Hablando,profe el tambien estaba hablando
rich cat ,/Rich-Cat,rich cat 
meme tierno,/Meme-Tierno,meme tierno
crazy villain,/Crazy-Villain,crazy villain
Thoughtful Child,/Thoughtful-Child,Thoughtful Child
Uselibaba,/Uselibaba,Uselibaba
Rebecca Black Meme,/Rebecca-Black-Meme,Rebecca Black Meme
Celestia,/Celestia,Celestia
Tony The Tiger,/Tony-The-Tiger,Tony The Tiger
Shrek Cat V1,/Shrek-Cat-V1,Shrek Cat V1
Minecraft Creeper Meme,/Minecraft-Creeper-Meme,Minecraft Creeper Meme
aaand its gone,/Aaand-Its-Gone,aaand its gone
Family Guy Pepperidge Farm,/Family-Guy-Pepperidge-Farm,Family Guy Pepperidge Farm
Skeptical Pooh,/Skeptical-Pooh,Skeptical Pooh
Maccas Meme,/Maccas-Meme,Maccas Meme
Lady Gaga Troll,/Lady-Gaga-Troll,Lady Gaga Troll
Disgusted Ginger,/Disgusted-Ginger,Disgusted Ginger
Judge Judy,/Judge-Judy,Judge Judy
Drew Pickles: The Gayest Man In The World,/Drew-Pickles-The-Gayest-Man-In-The-World,Drew Pickles: The Gayest Man In The World
I FUCKING LOVE ,/I-Fucking-Love,I FUCKING LOVE 
Rebecca Black,/Rebecca-Black,Rebecca Black
Fearless Honeybadger,/Fearless-Honeybadger,Fearless Honeybadger
Inception Meme,/Inception-Meme,Inception Meme
Nacholibre,/Nacholibre,Nacholibre
gurlfriends ,/Gurlfriends,gurlfriends 
Text,/Text,Text
Hide your kids,/Hide-Your-Kids,Hide your kids
Shame Nob,/Shame-Nob,Shame Nob
The more you know,/The-More-You-Know,The more you know
Billy Mays,/Billy-Mays,Billy Mays
Flame_haired_Poser,/Flame-Haired-Poser,Flame_haired_Poser
swedish chef,/Swedish-Chef,swedish chef
Gena Orlov,/Gena-Orlov,Gena Orlov
smiley derp,/Smiley-Derp,smiley derp
Racist Dog 1,/Racist-Dog-1,Racist Dog 1
Honeybees,/Honeybees,Honeybees
Mexico,/Mexico,Mexico
gato con botas,/Gato-Con-Botas,gato con botas
strong independent black woman asdfghjkl,/Strong-Independent-Black-Woman-Asdfghjkl,strong independent black woman asdfghjkl
bob the builder,/Bob-The-Builder,bob the builder
Charlie meme,/Charlie-Meme,Charlie meme
Vandinha Depressao,/Vandinha-Depressao,Vandinha Depressao
Progressive Mosh Guy,/Progressive-Mosh-Guy,Progressive Mosh Guy
Shocked Dylan,/Shocked-Dylan,Shocked Dylan
Smeagol,/Smeagol,Smeagol
Yo Mama,/Yo-Mama,Yo Mama
Achmed the dead terrorist,/Achmed-The-Dead-Terrorist,Achmed the dead terrorist
Time Of The Month Tiger,/Time-Of-The-Month-Tiger,Time Of The Month Tiger
Conspiracy cat,/Conspiracy-Cat,Conspiracy cat
Sexually Oblivious Rhino,/Sexually-Oblivious-Rhino,Sexually Oblivious Rhino
Homer Simpson Popcorn,/Homer-Simpson-Popcorn,Homer Simpson Popcorn
Disapproving Batman,/Disapproving-Batman,Disapproving Batman
Adam Jensen,/Adam-Jensen,Adam Jensen
Paperclip,/Paperclip,Paperclip
Quirky Turkey,/Quirky-Turkey,Quirky Turkey
Abo,/Abo,Abo
Bad RPer Polar Bear,/Bad-Rper-Polar-Bear,Bad RPer Polar Bear
Que pena tu vida meme,/Que-Pena-Tu-Vida-Meme,Que pena tu vida meme
Chemistry Dog,/Chemistry-Dog,Chemistry Dog
ricky bobby ,/Ricky-Bobby,ricky bobby 
Paul Mccartney,/Paul-Mccartney,Paul Mccartney
Retard Horse,/Retard-Horse,Retard Horse
Not Impressed Makayla,/Not-Impressed-Makayla,Not Impressed Makayla
Rustled Jimmies,/Rustled-Jimmies,Rustled Jimmies
roleplayercat,/Roleplayercat,roleplayercat
Sassy Gay Friend,/Sassy-Gay-Friend,Sassy Gay Friend
Yanukovich,/Yanukovich,Yanukovich
Neo Matrix,/Neo-Matrix,Neo Matrix
Perfect Driver,/Perfect-Driver,Perfect Driver
Hypocrite Gordon,/Hypocrite-Gordon,Hypocrite Gordon
Tipical dream,/Tipical-Dream,Tipical dream
Spoiler Dog,/Spoiler-Dog,Spoiler Dog
ButtHurt Sean,/Butthurt-Sean,ButtHurt Sean
Niembropelotudo,/Niembropelotudo,Niembropelotudo
Why don't we use both girl,/Why-DonT-We-Use-Both-Girl,Why don't we use both girl
Disturbed David,/Disturbed-David,Disturbed David
Scumbag Analytic Philosopher,/Scumbag-Analytic-Philosopher,Scumbag Analytic Philosopher
James Holmes Meme,/James-Holmes-Meme,James Holmes Meme
Socially Fed Up Penguin,/Socially-Fed-Up-Penguin,Socially Fed Up Penguin
riepottelujuttu,/Riepottelujuttu,riepottelujuttu
Regular Show Meme,/Regular-Show-Meme,Regular Show Meme
Dzidzio_Meme,/Dzidzio-Meme,Dzidzio_Meme
Newfag Guy,/Newfag-Guy,Newfag Guy
spiderman sick,/Spiderman-Sick,spiderman sick
Indie Filmmaker,/Indie-Filmmaker,Indie Filmmaker
Caixas SS3,/Caixas-Ss3,Caixas SS3
Winnipeg Cat,/Winnipeg-Cat,Winnipeg Cat
Runescape Advice,/Runescape-Advice,Runescape Advice
laundry room viking 2012,/Laundry-Room-Viking-2012,laundry room viking 2012
Evil Cows,/Evil-Cows,Evil Cows
Crying Tobey Maguire,/Crying-Tobey-Maguire,Crying Tobey Maguire
Overlord Manatee,/Overlord-Manatee,Overlord Manatee
Don Niembra,/Don-Niembra,Don Niembra
eeyore,/Eeyore,eeyore
typical 1D,/Typical-1d,typical 1D
Happy Birthday Black Kid,/Happy-Birthday-Black-Kid,Happy Birthday Black Kid
Scumbag Teacher 2,/Scumbag-Teacher-2,Scumbag Teacher 2
Tristola,/Tristola,Tristola
Sexto Sentido,/Sexto-Sentido,Sexto Sentido
jackie chan meme paint,/Jackie-Chan-Meme-Paint,jackie chan meme paint
Irresponsible Nyan Cat,/Irresponsible-Nyan-Cat,Irresponsible Nyan Cat
Ermagherd Girl,/Ermagherd-Girl,Ermagherd Girl
Socially Average Penguin,/Socially-Average-Penguin,Socially Average Penguin
metal poser,/Metal-Poser,metal poser
Tony Horton,/Tony-Horton,Tony Horton
FinnishProblems,/Finnishproblems,FinnishProblems
Ramirez do something,/Ramirez-Do-Something,Ramirez do something
Nice Gamer Gary,/Nice-Gamer-Gary,Nice Gamer Gary
Bad Drunk Baby,/Bad-Drunk-Baby,Bad Drunk Baby
Taylor Swift,/Taylor-Swift,Taylor Swift
AngryDoctor,/Angrydoctor,AngryDoctor
Angry Bird,/Angry-Bird,Angry Bird
Annoying Imgurian ,/Annoying-Imgurian,Annoying Imgurian 
no this is patrick,/No-This-Is-Patrick,no this is patrick
Bigyan ng jacket!!,/Bigyan-Ng-Jacket,Bigyan ng jacket!!
medik,/Medik,medik
Whitney Houston,/Whitney-Houston,Whitney Houston
Charlie Sheen Winning,/Charlie-Sheen-Winning,Charlie Sheen Winning
Omsk Crow Noir,/Omsk-Crow-Noir,Omsk Crow Noir
Gold Jacket Guy,/Gold-Jacket-Guy,Gold Jacket Guy
Vote for pedro,/Vote-For-Pedro,Vote for pedro
Pedobear81,/Pedobear81,Pedobear81
That Awkward Moment When,/That-Awkward-Moment-When,That Awkward Moment When
Writer Leopard,/Writer-Leopard,Writer Leopard
Niggas be like,/Niggas-Be-Like,Niggas be like
brick tamland,/Brick-Tamland,brick tamland
Paul Ryan Meme ,/Paul-Ryan-Meme,Paul Ryan Meme 
Gooby pls,/Gooby-Pls,Gooby pls
Mentira guapeton,/Mentira-Guapeton,Mentira guapeton
Dr. Steve Brule,/Dr-Steve-Brule,Dr. Steve Brule
dr farnsworth,/Dr-Farnsworth,dr farnsworth
Autistic Kitten,/Autistic-Kitten,Autistic Kitten
OBJECTION,/Objection,OBJECTION
Gta Player,/Gta-Player,Gta Player
Religion Pigeon,/Religion-Pigeon,Religion Pigeon
uy si uy si uy,/Uy-Si-Uy-Si-Uy,uy si uy si uy
Bender popular,/Bender-Popular,Bender popular
Bane Dark Knight,/Bane-Dark-Knight,Bane Dark Knight
Fallout Boy,/Fallout-Boy,Fallout Boy
KENITA LISTO CABROS,/Kenita-Listo-Cabros,KENITA LISTO CABROS
Willy Wanka,/Willy-Wanka,Willy Wanka
ufa,/Ufa,ufa
Crying Dawson,/Crying-Dawson,Crying Dawson
Queen Elizabeth Meme,/Queen-Elizabeth-Meme,Queen Elizabeth Meme
Chill out slut,/Chill-Out-Slut,Chill out slut
Noob Explorer Dora,/Noob-Explorer-Dora,Noob Explorer Dora
tecate,/Tecate,tecate
kim jong un,/Kim-Jong-Un,kim jong un
Rainbow Dash,/Rainbow-Dash,Rainbow Dash
Comical Ali,/Comical-Ali,Comical Ali
OAG,/Oag,OAG
Towelie,/Towelie,Towelie
Condescending Fox,/Condescending-Fox,Condescending Fox
australia,/Australia,australia
Historian,/Historian,Historian
mikebrown1,/Mikebrown1,mikebrown1
Over Obsessive Girlfriend,/Over-Obsessive-Girlfriend,Over Obsessive Girlfriend
christian bale with axe,/Christian-Bale-With-Axe,christian bale with axe
Jaqen H'ghar Meme,/Jaqen-HGhar-Meme,Jaqen H'ghar Meme
Alyssa Rosales,/Alyssa-Rosales,Alyssa Rosales
Hulk SMASH,/Hulk-Smash,Hulk SMASH
Creepy Emperor Palpatine,/Creepy-Emperor-Palpatine,Creepy Emperor Palpatine
Blank Template,/Blank-Template,Blank Template
Dr. house,/Dr-House,Dr. house
Ali G,/Ali-G,Ali G
crying black man,/Crying-Black-Man,crying black man
English Major Armadillo,/English-Major-Armadillo,English Major Armadillo
Batman Slapping Robin,/Batman-Slapping-Robin,Batman Slapping Robin
Oh Naruto,/Oh-Naruto,Oh Naruto
TorresFernando,/Torresfernando,TorresFernando
Scumbag America,/Scumbag-America,Scumbag America
introspective pug,/Introspective-Pug,introspective pug
Horny Samus,/Horny-Samus,Horny Samus
Rodolph Austin,/Rodolph-Austin,Rodolph Austin
Sympathy Sacha,/Sympathy-Sacha,Sympathy Sacha
DJ PRODUCER,/Dj-Producer,DJ PRODUCER
South Park Ski Instructor,/South-Park-Ski-Instructor,South Park Ski Instructor
typical poet,/Typical-Poet,typical poet
Allen Iverson,/Allen-Iverson,Allen Iverson
Spongebob How Tough Am I?,/Spongebob-How-Tough-Am-I,Spongebob How Tough Am I?
cheeky harry potter,/Cheeky-Harry-Potter,cheeky harry potter
Koenig,/Koenig,Koenig
ForeverAloneRussian,/Foreveralonerussian,ForeverAloneRussian
No One Ever Pays Me in Gum,/No-One-Ever-Pays-Me-In-Gum,No One Ever Pays Me in Gum
Survivor Rat,/Survivor-Rat,Survivor Rat
You're Going To Have A Bad Time,/YouRe-Going-To-Have-A-Bad-Time,You're Going To Have A Bad Time
Good Day Ice Cube,/Good-Day-Ice-Cube,Good Day Ice Cube
Stereotypical Corps Guy,/Stereotypical-Corps-Guy,Stereotypical Corps Guy
J walter weatherman,/J-Walter-Weatherman,J walter weatherman
Black Metal Sword Kid,/Black-Metal-Sword-Kid,Black Metal Sword Kid
Steve Brule,/Steve-Brule,Steve Brule
Your X is bad and You should feel bad,/Your-X-Is-Bad-And-You-Should-Feel-Bad,Your X is bad and You should feel bad
Sarcastic Wonka,/Sarcastic-Wonka,Sarcastic Wonka
jirik_meme,/Jirik-Meme,jirik_meme
j-pop fangirl,/J-Pop-Fangirl,j-pop fangirl
Shirokov,/Shirokov,Shirokov
Jizzt in my pants,/Jizzt-In-My-Pants,Jizzt in my pants
I love coloring kid,/I-Love-Coloring-Kid,I love coloring kid
scary black man,/Scary-Black-Man,scary black man
the queen olympics,/The-Queen-Olympics,the queen olympics
"Nigga, you just went full retard",/Nigga-You-Just-Went-Full-Retard,"Nigga, you just went full retard"
Che Guevara Meme,/Che-Guevara-Meme,Che Guevara Meme
Messiya,/Messiya,Messiya
Vieja Anciana Pinochetista,/Vieja-Anciana-Pinochetista,Vieja Anciana Pinochetista
lawyer,/Lawyer,lawyer
Introvert Cat,/Introvert-Cat,Introvert Cat
Business Dog,/Business-Dog,Business Dog
Neckbeard,/Neckbeard,Neckbeard
Fernando Torres Bitchface,/Fernando-Torres-Bitchface,Fernando Torres Bitchface
League of legends,/League-of-legends,League of legends
Yunoguy1,/Yunoguy1,Yunoguy1
Advice Guardsman,/Advice-Guardsman,Advice Guardsman
The Non-Molesting Priest,/The-Non-Molesting-Priest,The Non-Molesting Priest
jimmywtf,/Jimmywtf,jimmywtf
snoop dogg,/Snoop-Dogg,snoop dogg
until the fire nation attacked.,/Until-The-Fire-Nation-Attacked,until the fire nation attacked.
 Doctor Who,/Doctor-Who, Doctor Who
Balotelli,/Balotelli,Balotelli
Eye of Sauron,/Eye-Of-Sauron,Eye of Sauron
Chris Traeger,/Chris-Traeger,Chris Traeger
Psycho Stalker Girlfriend,/Psycho-Stalker-Girlfriend,Psycho Stalker Girlfriend
Anonymous memes,/Anonymous-Memes,Anonymous memes
Bossy the Llama,/Bossy-The-Llama,Bossy the Llama
Steven Seagal,/Steven-Seagal,Steven Seagal
King Kool Savas,/King-Kool-Savas,King Kool Savas
Lionel Messi,/Lionel-Messi,Lionel Messi
Stereotypical Indian Telemarketer,/Stereotypical-Indian-Telemarketer,Stereotypical Indian Telemarketer
Derp meme,/Derp-Meme,Derp meme
Roleplaying Rooster,/Roleplaying-Rooster,Roleplaying Rooster
emperorrr,/Emperorrr,emperorrr
Disgruntled John,/Disgruntled-John,Disgruntled John
Eat The Cockroach,/Eat-The-Cockroach,Eat The Cockroach
Spidermandesk,/Spidermandesk,Spidermandesk
Queen Elizabeth Is Not Impressed ,/Queen-Elizabeth-Is-Not-Impressed,Queen Elizabeth Is Not Impressed 
Pepperidge Farm Rememberss,/Pepperidge-Farm-Rememberss,Pepperidge Farm Rememberss
Dog Scientist,/Dog-Scientist,Dog Scientist
Middle Class Milf,/Middle-Class-Milf,Middle Class Milf
Like Gaston,/Like-Gaston,Like Gaston
CensoChile,/Censochile,CensoChile
challenge denied,/Challenge-Denied,challenge denied
Crazy Girlfriend Ellen,/Crazy-Girlfriend-Ellen,Crazy Girlfriend Ellen
BeastGuy,/Beastguy,BeastGuy
Skuchayuschiy Botan,/Skuchayuschiy-Botan,Skuchayuschiy Botan
Overly Excited Eric,/Overly-Excited-Eric,Overly Excited Eric
Tyrion Lannister,/Tyrion-Lannister,Tyrion Lannister
Hamster,/Hamster,Hamster
Nelson Muntz Simpson,/Nelson-Muntz-Simpson,Nelson Muntz Simpson
Monsieur Le Courage Wolf,/Monsieur-Le-Courage-Wolf,Monsieur Le Courage Wolf
Relatable Romney,/Relatable-Romney,Relatable Romney
King of Sweden,/King-Of-Sweden,King of Sweden
Advicefull Yoda,/Advicefull-Yoda,Advicefull Yoda
iker jimenez,/Iker-Jimenez,iker jimenez
super cool ski instructor,/Super-Cool-Ski-Instructor,super cool ski instructor
peetaaaaa,/Peetaaaaa,peetaaaaa
Cristiano,/Cristiano,Cristiano
Triumph the Insult Comic Dog,/Triumph-The-Insult-Comic-Dog,Triumph the Insult Comic Dog
Knapped ,/Knapped,Knapped 
Success Vader,/Success-Vader,Success Vader
Kanye Finish,/Kanye-Finish,Kanye Finish
Caroçis1,/Carois1,Caroçis1
durant harden,/Durant-Harden,durant harden
Black Metal,/Black-Metal,Black Metal
Lovely Derpy RP Unicorn,/Lovely-Derpy-Rp-Unicorn,Lovely Derpy RP Unicorn
Evil Granny,/Evil-Granny,Evil Granny
but it is not this day,/But-It-Is-Not-This-Day,but it is not this day
Sub Zero,/Sub-Zero,Sub Zero
Winged Doom,/Winged-Doom,Winged Doom
Douchebag Gamer,/Douchebag-Gamer,Douchebag Gamer
Kiábrándult értelmiségi,/Kibrndult-rtelmisgi,Kiábrándult értelmiségi
Lenin Cat Red,/Lenin-Cat-Red,Lenin Cat Red
Peter Griffin who the hell cares,/Peter-Griffin-Who-The-Hell-Cares,Peter Griffin who the hell cares
ugly barnacle patrick,/Ugly-Barnacle-Patrick,ugly barnacle patrick
jersey shore,/Jersey-Shore,jersey shore
Captain Kirk,/Captain-Kirk,Captain Kirk
Jimmies Rustled,/Jimmies-Rustled,Jimmies Rustled
south park it's gone,/South-Park-ItS-Gone,south park it's gone
Colibritany xD,/Colibritany-Xd,Colibritany xD
Jules Say What Again,/Jules-Say-What-Again,Jules Say What Again
Crazy Perverted Japanese Businessman,/Crazy-Perverted-Japanese-Businessman,Crazy Perverted Japanese Businessman
dubious history teacher,/Dubious-History-Teacher,dubious history teacher
The WTF Mordecai,/The-Wtf-Mordecai,The WTF Mordecai
Pinkie Pie,/Pinkie-Pie,Pinkie Pie
Progressive Bassist,/Progressive-Bassist,Progressive Bassist
Tupac,/Tupac,Tupac
Oh so you're,/Oh-So-YouRe,Oh so you're
dr. evil laser,/Dr-Evil-Laser,dr. evil laser
typical atheist,/Typical-Atheist,typical atheist
COMPUTER SAYS NO,/Computer-Says-No,COMPUTER SAYS NO
American Flag,/American-Flag,American Flag
oso hormiguero thug,/Oso-Hormiguero-Thug,oso hormiguero thug
gutiguti,/Gutiguti,gutiguti
Fuming tourettes guy,/Fuming-Tourettes-Guy,Fuming tourettes guy
Condescending Joe,/Condescending-Joe,Condescending Joe
Vkontakte Girl,/Vkontakte-Girl,Vkontakte Girl
Scumbag Boss,/Scumbag-Boss,Scumbag Boss
Troll dog,/Troll-Dog,Troll dog
60's spiderman,/60S-Spiderman,60's spiderman
McDonalds Peeves,/Mcdonalds-Peeves,McDonalds Peeves
Pauw Whoads,/Pauw-Whoads,Pauw Whoads
ClappyQ,/Clappyq,ClappyQ
ERMAGERD STOOLS ,/Ermagerd-Stools,ERMAGERD STOOLS 
Good Guy Joe Kony,/Good-Guy-Joe-Kony,Good Guy Joe Kony
Novia Psicopata ,/Novia-Psicopata,Novia Psicopata 
Futurama - Bender Bending Rodriguez,/Futurama-Bender-Bending-Rodriguez,Futurama - Bender Bending Rodriguez
You're wrong and I hate you,/YouRe-Wrong-And-I-Hate-You,You're wrong and I hate you
Progressive Drummer,/Progressive-Drummer,Progressive Drummer
Dafuq? Chipmonk,/Dafuq-Chipmonk,Dafuq? Chipmonk
vk.com/yoda_advice,/VkComYoda-Advice,vk.com/yoda_advice
Antijokechicken,/Antijokechicken,Antijokechicken
alf,/Alf,alf
Joker's Message,/JokerS-Message,Joker's Message
Transformice meme mouse,/Transformice-Meme-Mouse,Transformice meme mouse
FeministFrequently,/Feministfrequently,FeministFrequently
Typical-Emo,/Typical-Emo,Typical-Emo
Socially Terrifying Penguin,/Socially-Terrifying-Penguin,Socially Terrifying Penguin
Misogyny Mastodon,/Misogyny-Mastodon,Misogyny Mastodon
Patriotic Eagle,/Patriotic-Eagle,Patriotic Eagle
Sociology Student Sheep,/Sociology-Student-Sheep,Sociology Student Sheep
Babylonin lammas,/Babylonin-Lammas,Babylonin lammas
Bender-Rodriguez,/Bender-Rodriguez,Bender-Rodriguez
Mental Illness Mouse,/Mental-Illness-Mouse,Mental Illness Mouse
African boy checka,/African-Boy-Checka,African boy checka
hockey player,/Hockey-Player,hockey player
ENGLISH MOTHERFUCKER ,/English-Motherfucker,ENGLISH MOTHERFUCKER 
Minecraft Steve,/Minecraft-Steve,Minecraft Steve
Poor Black Kid,/Poor-Black-Kid,Poor Black Kid
Captain-Obvious,/Captain-Obvious,Captain-Obvious
SAUNA GIRLS,/Sauna-Girls,SAUNA GIRLS
cap art,/Cap-Art,cap art
Slash Chameleon,/Slash-Chameleon,Slash Chameleon
superami crazy,/Superami-Crazy,superami crazy
crying meme,/Crying-Meme,crying meme
Gentleman Lion,/Gentleman-Lion,Gentleman Lion
Unimpressed McKayla Maroney,/Unimpressed-Mckayla-Maroney,Unimpressed McKayla Maroney
Chinese Proverb,/Chinese-Proverb,Chinese Proverb
BeOn user,/Beon-User,BeOn user
High School Hyena,/High-School-Hyena,High School Hyena
apply cold water to burn,/Apply-Cold-Water-To-Burn,apply cold water to burn
Sassy Louis,/Sassy-Louis,Sassy Louis
Heartless Harry,/Heartless-Harry,Heartless Harry
Pink Floyd Fan Pig,/Pink-Floyd-Fan-Pig,Pink Floyd Fan Pig
Jimmy (Pulp Fiction),/Jimmy-Pulp-Fiction,Jimmy (Pulp Fiction)
Sad Xzibit,/Sad-Xzibit,Sad Xzibit
Disingenuous Liberal,/Disingenuous-Liberal,Disingenuous Liberal
BusinessCat,/Businesscat,BusinessCat
Advice Ron Swanson,/Advice-Ron-Swanson,Advice Ron Swanson
Ash the brit,/Ash-The-Brit,Ash the brit
AngrySchoolboy,/Angryschoolboy,AngrySchoolboy
Classics Camel,/Classics-Camel,Classics Camel
Tiger Mom,/Tiger-Mom,Tiger Mom
smartass soldier,/Smartass-Soldier,smartass soldier
SNAKES ON A PLANE,/Snakes-On-A-Plane,SNAKES ON A PLANE
Typical tatar,/Typical-Tatar,Typical tatar
Music Major Ostrich,/Music-Major-Ostrich,Music Major Ostrich
Si Robertson,/Si-Robertson,Si Robertson
Less Scumbag Scumbag Steve,/Less-Scumbag-Scumbag-Steve,Less Scumbag Scumbag Steve
deviantArt Owl,/Deviantart-Owl,deviantArt Owl
Pompous Cyber Cat,/Pompous-Cyber-Cat,Pompous Cyber Cat
Ash Meme,/Ash-Meme,Ash Meme
crazyParents,/Crazyparents,crazyParents
pablo escobar,/Pablo-Escobar,pablo escobar
MC Hammer,/Mc-Hammer,MC Hammer
Grail Knight IJ,/Grail-Knight-Ij,Grail Knight IJ
Communist Cat,/Communist-Cat,Communist Cat
Gayy Unicorn,/Gayy-Unicorn,Gayy Unicorn
Austin Powers,/Austin-Powers,Austin Powers
Milhouse,/Milhouse,Milhouse
O ES MUY TONTO LO Q ESTOY DICIENDO,/O-Es-Muy-Tonto-Lo-Q-Estoy-Diciendo,O ES MUY TONTO LO Q ESTOY DICIENDO
Animal Crossing,/Animal-Crossing,Animal Crossing
The Giving Oprah,/The-Giving-Oprah,The Giving Oprah
Daniel Bryan,/Daniel-Bryan,Daniel Bryan
All Hail The Magic Conch,/All-Hail-The-Magic-Conch,All Hail The Magic Conch
Jim Moriarty,/Jim-Moriarty,Jim Moriarty
Valera Karpin,/Valera-Karpin,Valera Karpin
Joe Rogan,/Joe-Rogan,Joe Rogan
Tell me more,/Tell-Me-More,Tell me more
I can has cheezburger?,/I-Can-Has-Cheezburger,I can has cheezburger?
Party Bear,/Party-Bear,Party Bear
er mah gerd,/Er-Mah-Gerd,er mah gerd
Scumbag Zuckerbeg,/Scumbag-Zuckerbeg,Scumbag Zuckerbeg
Malorashka-Soviet,/Malorashka-Soviet,Malorashka-Soviet
El Tuki,/El-Tuki,El Tuki
trunner,/Trunner,trunner
Bear Grylles,/Bear-Grylles,Bear Grylles
flyinchipmunk5,/Flyinchipmunk5,flyinchipmunk5
Godinez12,/Godinez12,Godinez12
Progressive Vocalist,/Progressive-Vocalist,Progressive Vocalist
Pikachu Enojado,/Pikachu-Enojado,Pikachu Enojado
Putencio,/Putencio,Putencio
Oogah Boogah,/Oogah-Boogah,Oogah Boogah
Stevie j,/Stevie-J,Stevie j
Yoda Advice ,/Yoda-Advice,Yoda Advice 
"samuel l jackson, pulp fiction",/Samuel-L-Jackson-Pulp-Fiction,"samuel l jackson, pulp fiction"
defendpoppunk,/Defendpoppunk,defendpoppunk
stalintrollface,/Stalintrollface,stalintrollface
gordo granudo madridista,/Gordo-Granudo-Madridista,gordo granudo madridista
You just activated my trap card,/You-Just-Activated-My-Trap-Card,You just activated my trap card
Original Stoner Dog,/Original-Stoner-Dog,Original Stoner Dog
Dramatic Fortune Teller,/Dramatic-Fortune-Teller,Dramatic Fortune Teller
Slowbro,/Slowbro,Slowbro
Retouched Ecce Homo,/Retouched-Ecce-Homo,Retouched Ecce Homo
Wrong Lyrics Christina Aguilera,/Wrong-Lyrics-Christina-Aguilera,Wrong Lyrics Christina Aguilera
Traitor Brain,/Traitor-Brain,Traitor Brain
vargaistvan,/Vargaistvan,vargaistvan
god of punk rock,/God-Of-Punk-Rock,god of punk rock
Lady GaGa Blue Hair Meme,/Lady-Gaga-Blue-Hair-Meme,Lady GaGa Blue Hair Meme
sergio freire,/Sergio-Freire,sergio freire
Scumbag Obama,/Scumbag-Obama,Scumbag Obama
DEXTER MORGAN ,/Dexter-Morgan,DEXTER MORGAN 
Annoying Bowler Guy ,/Annoying-Bowler-Guy,Annoying Bowler Guy 
Drunken Monkey,/Drunken-Monkey,Drunken Monkey
INDONESIAN,/Indonesian,INDONESIAN
There will be blood,/There-Will-Be-Blood,There will be blood
skier,/Skier,skier
Makayla Maroney ,/Makayla-Maroney,Makayla Maroney 
history.com guy,/HistoryCom-Guy,history.com guy
Aspie Alligator,/Aspie-Alligator,Aspie Alligator
Patrick ingat !,/Patrick-Ingat-,Patrick ingat !
Bald Eagle,/Bald-Eagle,Bald Eagle
Bed Intruder,/Bed-Intruder,Bed Intruder
goku troubled,/Goku-Troubled,goku troubled
Karma Cramer,/Karma-Cramer,Karma Cramer
TheGrammarNazi,/Thegrammarnazi,TheGrammarNazi
Perrito Chorizo,/Perrito-Chorizo,Perrito Chorizo
Coworker Cow,/Coworker-Cow,Coworker Cow
People are fucking stupid,/People-Are-Fucking-Stupid,People are fucking stupid
Optimus Prime,/Optimus-Prime,Optimus Prime
stormtrooper,/Stormtrooper,stormtrooper
ted fuck you thunder,/Ted-Fuck-You-Thunder,ted fuck you thunder
Stoll Axel,/Stoll-Axel,Stoll Axel
Immature high school kids,/Immature-High-School-Kids,Immature high school kids
MEME-CAUSHA,/Meme-Causha,MEME-CAUSHA
I like turtles ,/I-Like-Turtles,I like turtles 
Aristotle,/Aristotle,Aristotle
Disgusted Grandma,/Disgusted-Grandma,Disgusted Grandma
Roleplay Shipper Bunny,/Roleplay-Shipper-Bunny,Roleplay Shipper Bunny
Amused Anna Wintour,/Amused-Anna-Wintour,Amused Anna Wintour
Manelistul Nicolae Guta,/Manelistul-Nicolae-Guta,Manelistul Nicolae Guta
I heard fifa 13 is so real,/I-Heard-Fifa-13-Is-So-Real,I heard fifa 13 is so real
Not Okay Guy,/Not-Okay-Guy,Not Okay Guy
11th doctor ,/11th-Doctor,11th doctor 
Confessions Bear,/Confessions-Bear,Confessions Bear
ray charles,/Ray-Charles,ray charles
avengers pointing,/Avengers-Pointing,avengers pointing
Minecraft-user,/Minecraft-User,Minecraft-user
omg who the hell cares?,/Omg-Who-The-Hell-Cares,omg who the hell cares?
Indiana Jones,/Indiana-Jones,Indiana Jones
Angry Elizabeth Queen,/Angry-Elizabeth-Queen,Angry Elizabeth Queen
grumpy beaver,/Grumpy-Beaver,grumpy beaver
Beauty Addict Kitty,/Beauty-Addict-Kitty,Beauty Addict Kitty
Mitt Romney Meme,/Mitt-Romney-Meme,Mitt Romney Meme
Dyspraxic Panda,/Dyspraxic-Panda,Dyspraxic Panda
kanye west jay z laughing,/Kanye-West-Jay-Z-Laughing,kanye west jay z laughing
Slutty Samus,/Slutty-Samus,Slutty Samus
luxury-boy,/Luxury-Boy,luxury-boy
Hypocrite Hyena,/Hypocrite-Hyena,Hypocrite Hyena
erma gerd,/Erma-Gerd,erma gerd
wrong meme,/Wrong-Meme,wrong meme
willianss,/Willianss,willianss
Sheep Obscurantist,/Sheep-Obscurantist,Sheep Obscurantist
piter,/Piter,piter
Noob WoW Player,/Noob-Wow-Player,Noob WoW Player
Roger Goodell,/Roger-Goodell,Roger Goodell
Advice Waters,/Advice-Waters,Advice Waters
Background,/Background,Background
Overly Attached Girlfriend creepy,/Overly-Attached-Girlfriend-Creepy,Overly Attached Girlfriend creepy
"Really, really, really, REALLY gay guy",/Really-Really-Really-Really-Gay-Guy,"Really, really, really, REALLY gay guy"
mind blown,/Mind-Blown,mind blown
Mourinho,/Mourinho,Mourinho
Frases Homero Simpson,/Frases-Homero-Simpson,Frases Homero Simpson
Bob esponja y la caracola magica ,/Bob-Esponja-Y-La-Caracola-Magica,Bob esponja y la caracola magica 
Franug,/Franug,Franug
Retarded David,/Retarded-David,Retarded David
kkk,/Kkk,kkk
And then we said,/And-Then-We-Said,And then we said
O es muy tonto lo qu estoy diciendo,/O-Es-Muy-Tonto-Lo-Qu-Estoy-Diciendo,O es muy tonto lo qu estoy diciendo
Sherlock H ,/Sherlock-H,Sherlock H 
Derevo,/Derevo,Derevo
sporting,/Sporting,sporting
Anne Frank Lol,/Anne-Frank-Lol,Anne Frank Lol
dafuq,/Dafuq,dafuq
Astute Psychologist,/Astute-Psychologist,Astute Psychologist
Stereotypical Canadian Moose,/Stereotypical-Canadian-Moose,Stereotypical Canadian Moose
treiquilimei,/Treiquilimei,treiquilimei
Just Another Justin Bieber,/Just-Another-Justin-Bieber,Just Another Justin Bieber
lo hemos perdido todo,/Lo-Hemos-Perdido-Todo,lo hemos perdido todo
Bill Clinton,/Bill-Clinton,Bill Clinton
Advice Edit Button,/Advice-Edit-Button,Advice Edit Button
FedSex Shipping Guy,/Fedsex-Shipping-Guy,FedSex Shipping Guy
GKDJFGSKDJH,/Gkdjfgskdjh,GKDJFGSKDJH
Release The Kraken,/Release-The-Kraken,Release The Kraken
Uneducatedchicken,/Uneducatedchicken,Uneducatedchicken
Vince McMahon Logic,/Vince-Mcmahon-Logic,Vince McMahon Logic
High five Girl,/High-Five-Girl,High five Girl
Old Navy Owl,/Old-Navy-Owl,Old Navy Owl
ANDY INFANTE ,/Andy-Infante,ANDY INFANTE 
Tony Montana,/Tony-Montana,Tony Montana
macho trucker ,/Macho-Trucker,macho trucker 
Announcement Alfred,/Announcement-Alfred,Announcement Alfred
Grumpy Christmas Cat,/Grumpy-Christmas-Cat,Grumpy Christmas Cat
NACHO VIDAL MEME,/Nacho-Vidal-Meme,NACHO VIDAL MEME
X The Musical Student X,/X-The-Musical-Student-X,X The Musical Student X
Confused Ramsey,/Confused-Ramsey,Confused Ramsey
philosoraptor call of duty,/Philosoraptor-Call-Of-Duty,philosoraptor call of duty
Pablo Alvarez Meana,/Pablo-Alvarez-Meana,Pablo Alvarez Meana
Doctor Who Addict,/Doctor-Who-Addict,Doctor Who Addict
And we all let it happen,/And-We-All-Let-It-Happen,And we all let it happen
Scumbag Kootra Newest,/Scumbag-Kootra-Newest,Scumbag Kootra Newest
Jesus Arrependido,/Jesus-Arrependido,Jesus Arrependido
Posh meme,/Posh-Meme,Posh meme
Original Ermahgerd,/Original-Ermahgerd,Original Ermahgerd
First World Metal Problems,/First-World-Metal-Problems,First World Metal Problems
Sychev,/Sychev,Sychev
I only cried for 20 minute,/I-Only-Cried-For-20-Minute,I only cried for 20 minute
Typical Joker,/Typical-Joker,Typical Joker
Deal With It Korra,/Deal-With-It-Korra,Deal With It Korra
Social Justice Sally,/Social-Justice-Sally,Social Justice Sally
Homer Jay Simpson,/Homer-Jay-Simpson,Homer Jay Simpson
Scumbag Edu Testosterona,/Scumbag-Edu-Testosterona,Scumbag Edu Testosterona
Mckayla Maroney Does Not Approve,/Mckayla-Maroney-Does-Not-Approve,Mckayla Maroney Does Not Approve
Poker face Pirate,/Poker-Face-Pirate,Poker face Pirate
Dos Equis Guy,/Dos-Equis-Guy,Dos Equis Guy
judge dredd,/Judge-Dredd,judge dredd
fry chilion,/Fry-Chilion,fry chilion
Kiko :) ,/Kiko-,Kiko :) 
Absentminded Goldfish,/Absentminded-Goldfish,Absentminded Goldfish
Buber,/Buber,Buber
Shamwow Guy,/Shamwow-Guy,Shamwow Guy
cancer carl,/Cancer-Carl,cancer carl
Maldita Lisiada,/Maldita-Lisiada,Maldita Lisiada
Call Me Maybe Girl,/Call-Me-Maybe-Girl,Call Me Maybe Girl
SPbGU,/Spbgu,SPbGU
Windows,/Windows,Windows
Overprotective Girlfriend,/Overprotective-Girlfriend,Overprotective Girlfriend
Winston Churchill,/Winston-Churchill,Winston Churchill
HSE,/Hse,HSE
Soccer Fan,/Soccer-Fan,Soccer Fan
Butthurt Dweller Trap,/Butthurt-Dweller-Trap,Butthurt Dweller Trap
Ocd Otter,/Ocd-Otter,Ocd Otter
Frankenstein ,/Frankenstein,Frankenstein 
Happyfuncop,/Happyfuncop,Happyfuncop
xymixihb,/Xymixihb,xymixihb
 Bear Grylls Piss,/Bear-Grylls-Piss, Bear Grylls Piss
Annoying Communist Facebook Girl,/Annoying-Communist-Facebook-Girl,Annoying Communist Facebook Girl
Tonyromo,/Tonyromo,Tonyromo
Denial Bible,/Denial-Bible,Denial Bible
Art Professor Owl,/Art-Professor-Owl,Art Professor Owl
Trollestia,/Trollestia,Trollestia
Evil Girl,/Evil-Girl,Evil Girl
tematemskaja,/Tematemskaja,tematemskaja
Funnyjunk Meme,/Funnyjunk-Meme,Funnyjunk Meme
Angry Bill O'Reilly,/Angry-Bill-OReilly,Angry Bill O'Reilly
Ricardo Iorio,/Ricardo-Iorio,Ricardo Iorio
imforig,/Imforig,imforig
Typical Germany Lover,/Typical-Germany-Lover,Typical Germany Lover
Sgt. Hartman,/Sgt-Hartman,Sgt. Hartman
y-u-so-arab,/Y-U-So-Arab,y-u-so-arab
fryshi,/Fryshi,fryshi
LOL HALALABOOS,/Lol-Halalaboos,LOL HALALABOOS
over attached girlfriend,/Over-Attached-Girlfriend,over attached girlfriend
Comic Book Addict Penguin,/Comic-Book-Addict-Penguin,Comic Book Addict Penguin
RomneyHood,/Romneyhood,RomneyHood
Typical BeatMaker,/Typical-Beatmaker,Typical BeatMaker
Black Metal Fashionista,/Black-Metal-Fashionista,Black Metal Fashionista
Mansur Al-Naxayan,/Mansur-Al-Naxayan,Mansur Al-Naxayan
Date Rape Dave,/Date-Rape-Dave,Date Rape Dave
doble dare you ,/Doble-Dare-You,doble dare you 
SCuta,/Scuta,SCuta
Assassins Creed Ezio,/Assassins-Creed-Ezio,Assassins Creed Ezio
Zapp Brannigan,/Zapp-Brannigan,Zapp Brannigan
Advice Katniss,/Advice-Katniss,Advice Katniss
dave mustaine,/Dave-Mustaine,dave mustaine
Epic Meal Time,/Epic-Meal-Time,Epic Meal Time
Highlander,/Highlander,Highlander
i dont usually,/I-Dont-Usually,i dont usually
Cute Kitten,/Cute-Kitten,Cute Kitten
Vault Boy,/Vault-Boy,Vault Boy
Tipichnuy BGTU,/Tipichnuy-Bgtu,Tipichnuy BGTU
Typical Potterhead,/Typical-Potterhead,Typical Potterhead
Roller Derby Otter,/Roller-Derby-Otter,Roller Derby Otter
Vaultboy,/Vaultboy,Vaultboy
The Most Interesting Cat in the World,/The-Most-Interesting-Cat-In-The-World,The Most Interesting Cat in the World
Paintbolist,/Paintbolist,Paintbolist
Conservative,/Conservative,Conservative
Drogado Meme,/Drogado-Meme,Drogado Meme
Wisdom Cat,/Wisdom-Cat,Wisdom Cat
football manager 2013,/Football-Manager-2013,football manager 2013
Han Solo,/Han-Solo,Han Solo
Mr.Trololo,/MrTrololo,Mr.Trololo
Me iria demasiado,/Me-Iria-Demasiado,Me iria demasiado
Rajoy meme,/Rajoy-Meme,Rajoy meme
Ridiculously Photogenic Metalhead Guy,/Ridiculously-Photogenic-Metalhead-Guy,Ridiculously Photogenic Metalhead Guy
Ya Que Chucha,/Ya-Que-Chucha,Ya Que Chucha
a door,/A-Door,a door
PMS woman,/Pms-Woman,PMS woman
sad x all the y,/Sad-X-All-The-Y,sad x all the y
Drama Llama,/Drama-Llama,Drama Llama
Rage CM,/Rage-Cm,Rage CM
Remember Kids,/Remember-Kids,Remember Kids
http://vk.com/tatarin_typical,/HttpVkComTatarin-Typical,http://vk.com/tatarin_typical
Piisamirotta,/Piisamirotta,Piisamirotta
Maconheiro da depre,/Maconheiro-Da-Depre,Maconheiro da depre
rabid idiot brony,/Rabid-Idiot-Brony,rabid idiot brony
insidious pony,/Insidious-Pony,insidious pony
X is bad and you should feel bad,/X-Is-Bad-And-You-Should-Feel-Bad,X is bad and you should feel bad
Retarded Michael,/Retarded-Michael,Retarded Michael
Tony Abbott,/Tony-Abbott,Tony Abbott
Rosie the Riveter,/Rosie-The-Riveter,Rosie the Riveter
Gamer Dog,/Gamer-Dog,Gamer Dog
Poptropican,/Poptropican,Poptropican
Scumbag Jesus,/Scumbag-Jesus,Scumbag Jesus
Dutch mongoloid,/Dutch-mongoloid,Dutch mongoloid
Sassy Gay Nerd,/Sassy-Gay-Nerd,Sassy Gay Nerd
Angry DJ,/Angry-Dj,Angry DJ
Purple Tinker,/Purple-Tinker,Purple Tinker
GASY,/Gasy,GASY
Family Man,/Family-Man,Family Man
Sexually Oblivious Sherlock,/Sexually-Oblivious-Sherlock,Sexually Oblivious Sherlock
Jamestroll,/Jamestroll,Jamestroll
Kayla Maroney,/Kayla-Maroney,Kayla Maroney
John Darnielle,/John-Darnielle,John Darnielle
Comunist Stupid Facebook Girl,/Comunist-Stupid-Facebook-Girl,Comunist Stupid Facebook Girl
Little Black Kid,/Little-Black-Kid,Little Black Kid
gentleman,/Gentleman,gentleman
Sluckiy,/Sluckiy,Sluckiy
Beer baby,/Beer-Baby,Beer baby
typical_off,/Typical-Off,typical_off
nyan cat,/Nyan-Cat,nyan cat
Skeptical Third world Child,/Skeptical-Third-World-Child,Skeptical Third world Child
guber,/Guber,guber
Blatant Commander Shepard,/Blatant-Commander-Shepard,Blatant Commander Shepard
cunningputin,/Cunningputin,cunningputin
bill o' reilly fuck it,/Bill-O-Reilly-Fuck-It,bill o' reilly fuck it
Serious Snape,/Serious-Snape,Serious Snape
Berks Tickets,/Berks-Tickets,Berks Tickets
Helmut looking at top right image corner.,/Helmut-Looking-At-Top-Right-Image-Corner,Helmut looking at top right image corner.
Typical yaoi fan,/Typical-Yaoi-Fan,Typical yaoi fan
Typical Aussie,/Typical-Aussie,Typical Aussie
Typical Japanese,/Typical-Japanese,Typical Japanese
brian bad news,/Brian-Bad-News,brian bad news
Advice Techpriest,/Advice-Techpriest,Advice Techpriest
Angry Scotsman,/Angry-Scotsman,Angry Scotsman
Technologyimpairedduck,/Technologyimpairedduck,Technologyimpairedduck
Typical kpi,/Typical-Kpi,Typical kpi
Marching Band Manatee,/Marching-Band-Manatee,Marching Band Manatee
SAD DOG,/Sad-Dog,SAD DOG
Arsenal Dinosaur,/Arsenal-Dinosaur,Arsenal Dinosaur
Leave it to Iron Man,/Leave-It-To-Iron-Man,Leave it to Iron Man
Raging T-rex,/Raging-T-Rex,Raging T-rex
Barbie Doll,/Barbie-Doll,Barbie Doll
Trolololololll,/Trolololololll,Trolololololll
band kid ,/Band-Kid,band kid 
Final Advice Dog,/Final-Advice-Dog,Final Advice Dog
Typical Bauman University,/Typical-Bauman-University,Typical Bauman University
kenny powers,/Kenny-Powers,kenny powers
Smut Sheep,/Smut-Sheep,Smut Sheep
sadcristiano,/Sadcristiano,sadcristiano
Conspiracy Psyduck,/Conspiracy-Psyduck,Conspiracy Psyduck
Politically Neutral Dog,/Politically-Neutral-Dog,Politically Neutral Dog
crying kid,/Crying-Kid,crying kid
magic conch shell,/Magic-Conch-Shell,magic conch shell
Censo Chile ,/Censo-Chile,Censo Chile 
Nursing Student Cat,/Nursing-Student-Cat,Nursing Student Cat
smskater,/Smskater,smskater
Nya Typical Anime Fans ,/Nya-Typical-Anime-Fans,Nya Typical Anime Fans 
Superior Hipster,/Superior-Hipster,Superior Hipster
LOL FACE,/Lol-Face,LOL FACE
Kollegah Der Boss,/Kollegah-Der-Boss,Kollegah Der Boss
Nikola tesla,/Nikola-Tesla,Nikola tesla
bud_ekzortsistom,/Bud-Ekzortsistom,bud_ekzortsistom
Joe Biden,/Joe-Biden,Joe Biden
aylinfernanda,/Aylinfernanda,aylinfernanda
Scene Wolf,/Scene-Wolf,Scene Wolf
Doakes SURPRISE,/Doakes-Surprise,Doakes SURPRISE
Idiot Anti-Communist Guy,/Idiot-Anti-Communist-Guy,Idiot Anti-Communist Guy
Roleplay Panther,/Roleplay-Panther,Roleplay Panther
Captain Jack Sparow,/Captain-Jack-Sparow,Captain Jack Sparow
Dexter Morgan Public,/Dexter-Morgan-Public,Dexter Morgan Public
advice background,/advice-background,advice background
Disappointed Tibetan Fox,/Disappointed-Tibetan-Fox,Disappointed Tibetan Fox
Vita Kränkta Mannen,/Vita-Krnkta-Mannen,Vita Kränkta Mannen
Indian father... ,/Indian-Father,Indian father... 
Core Guy,/Core-Guy,Core Guy
Typical Reader,/Typical-Reader,Typical Reader
Tobi meme,/Tobi-Meme,Tobi meme
Kvn Mem,/Kvn-Mem,Kvn Mem
The Sisko,/The-Sisko,The Sisko
Teen Witch Wendy,/Teen-Witch-Wendy,Teen Witch Wendy
FatLarry and FatDog,/Fatlarry-And-Fatdog,FatLarry and FatDog
Los Moustachos - I would love to become X,/Los-Moustachos-I-Would-Love-To-Become-X,Los Moustachos - I would love to become X
Victory baby meme,/Victory-Baby-Meme,Victory baby meme
game of thrones dancing maste,/Game-Of-Thrones-Dancing-Maste,game of thrones dancing maste
PutinV,/Putinv,PutinV
dvorfootballist,/Dvorfootballist,dvorfootballist
Smut Player Stag,/Smut-Player-Stag,Smut Player Stag
Arshavin666,/Arshavin666,Arshavin666
ViP2 Gayle,/Vip2-Gayle,ViP2 Gayle
Advice Diamond,/Advice-Diamond,Advice Diamond
Pra Copetan,/Pra-Copetan,Pra Copetan
MRA Marmoset,/Mra-Marmoset,MRA Marmoset
Architect Student,/Architect-Student,Architect Student
Tardar Sauce,/Tardar-Sauce,Tardar Sauce
Terry Tibbs,/Terry-Tibbs,Terry Tibbs
Typical Post-Rocker,/Typical-Post-Rocker,Typical Post-Rocker
Perro del Lucho,/Perro-Del-Lucho,Perro del Lucho
Annoying Twitter Freak,/Annoying-Twitter-Freak,Annoying Twitter Freak
typ_aguarius ,/Typ-Aguarius,typ_aguarius 
drevil,/Drevil,drevil
Podfic Platypus,/Podfic-Platypus,Podfic Platypus
casting couch,/Casting-Couch,casting couch
Jake the Rake,/Jake-The-Rake,Jake the Rake
typical_proger_angry,/Typical-Proger-Angry,typical_proger_angry
Crab,/Crab,Crab
Assassin's Creed,/AssassinS-Creed,Assassin's Creed
Putin Says,/Putin-Says,Putin Says
If thats what your into,/If-Thats-What-Your-Into,If thats what your into
Ordinary swimmer,/Ordinary-Swimmer,Ordinary swimmer
British Troll,/British-Troll,British Troll
Bad Joke Obama,/Bad-Joke-Obama,Bad Joke Obama
Butthurt Vaktus,/Butthurt-Vaktus,Butthurt Vaktus
chumlee,/Chumlee,chumlee
super_ssau,/Super-Ssau,super_ssau
New Zealand,/New-Zealand,New Zealand
CopperCab Points,/Coppercab-Points,CopperCab Points
I don't know what i'm doing! dog,/I-DonT-Know-What-IM-Doing-Dog,I don't know what i'm doing! dog
Maniac,/Maniac,Maniac
Dolores Umbridge,/Dolores-Umbridge,Dolores Umbridge
"CARO EMERALD, WALDECK AND MISS 600",/Caro-Emerald-Waldeck-And-Miss-600,"CARO EMERALD, WALDECK AND MISS 600"
Fast Food Feline,/Fast-Food-Feline,Fast Food Feline
Típica abuela,/Tpica-Abuela,Típica abuela
Back In My Day,/Back-In-My-Day,Back In My Day
tupical_anorexic,/Tupical-Anorexic,tupical_anorexic
angry walter,/Angry-Walter,angry walter
Shipper Squirrel,/Shipper-Squirrel,Shipper Squirrel
vanga,/Vanga,vanga
basedbrady,/Basedbrady,basedbrady
Street Yoda,/Street-Yoda,Street Yoda
Chemist,/Chemist,Chemist
Black Swan Eyes,/Black-Swan-Eyes,Black Swan Eyes
Jay Cutler,/Jay-Cutler,Jay Cutler
Bill O'Reilly fuck it,/Bill-OReilly-Fuck-It,Bill O'Reilly fuck it
World of Tanks,/World-Of-Tanks,World of Tanks
Vandal Guy,/Vandal-Guy,Vandal Guy
Move Your Karma,/Move-Your-Karma,Move Your Karma
typical haymitch abernathy,/Typical-Haymitch-Abernathy,typical haymitch abernathy
Pissed Off Old Guy,/Pissed-Off-Old-Guy,Pissed Off Old Guy
Pokemon Kid,/Pokemon-Kid,Pokemon Kid
cute cat,/Cute-Cat,cute cat
Saskatoon Dog,/Saskatoon-Dog,Saskatoon Dog
pirlosincero,/Pirlosincero,pirlosincero
Nasa Mohawk Guy,/Nasa-Mohawk-Guy,Nasa Mohawk Guy
Disco dancer,/Disco-Dancer,Disco dancer
dog the bounty hunter,/Dog-The-Bounty-Hunter,dog the bounty hunter
Socially Primitive Chimpanzee,/Socially-Primitive-Chimpanzee,Socially Primitive Chimpanzee
badgrandma,/Badgrandma,badgrandma
Drama Dolphin,/Drama-Dolphin,Drama Dolphin
detonator5,/Detonator5,detonator5
Ted Thunder Buddies,/Ted-Thunder-Buddies,Ted Thunder Buddies
millionaire problogger,/Millionaire-Problogger,millionaire problogger
trolldad,/trolldad,trolldad
Typical_Ksyusha,/Typical-Ksyusha,Typical_Ksyusha
NHKanimexs,/Nhkanimexs,NHKanimexs
Call Center Craig ,/Call-Center-Craig,Call Center Craig 
pep guardiola,/Pep-Guardiola,pep guardiola
Annoying Orange,/Annoying-Orange,Annoying Orange
Uncontested Atheist,/Uncontested-Atheist,Uncontested Atheist
Scumbag atheist,/Scumbag-Atheist,Scumbag atheist
Doomguy,/Doomguy,Doomguy
Typical-Krasnodar,/Typical-Krasnodar,Typical-Krasnodar
Musical Theatre Monkey,/Musical-Theatre-Monkey,Musical Theatre Monkey
stupid sexy bianca,/Stupid-Sexy-Bianca,stupid sexy bianca
Lionel Messi Problems,/Lionel-Messi-Problems,Lionel Messi Problems
NIgel Thornberry,/Nigel-Thornberry,NIgel Thornberry
tibiz,/Tibiz,tibiz
Soon,/Soon,Soon
freddy krueger,/Freddy-Krueger,freddy krueger
Typic Trader,/Typic-Trader,Typic Trader
SpiderMan Cancer,/Spiderman-Cancer,SpiderMan Cancer
Tolyatti,/Tolyatti,Tolyatti
Scumbag Obama Claus,/Scumbag-Obama-Claus,Scumbag Obama Claus
Disruptive Durden,/Disruptive-Durden,Disruptive Durden
Typical student Ravenclaw,/Typical-Student-Ravenclaw,Typical student Ravenclaw
Ballet Chihuahua,/Ballet-Chihuahua,Ballet Chihuahua
Lou Trono,/Lou-Trono,Lou Trono
psy gangnam style meme,/Psy-Gangnam-Style-Meme,psy gangnam style meme
STALINVK,/Stalinvk,STALINVK
Advice Tourettes Guy,/Advice-Tourettes-Guy,Advice Tourettes Guy
Pirate Textor,/Pirate-Textor,Pirate Textor
Anthropology Major Fox,/Anthropology-Major-Fox,Anthropology Major Fox
Synesthete Snail,/Synesthete-Snail,Synesthete Snail
Ya Tvoi Dom Tryba Shatal,/Ya-Tvoi-Dom-Tryba-Shatal,Ya Tvoi Dom Tryba Shatal
Deep Thinking Cena,/Deep-Thinking-Cena,Deep Thinking Cena
Beemomeme,/Beemomeme,Beemomeme
Mr.Big,/MrBig,Mr.Big
EL PANCHITO DISE,/El-Panchito-Dise,EL PANCHITO DISE
fyeahassholecat,/Fyeahassholecat,fyeahassholecat
typ_soldatka,/Typ-Soldatka,typ_soldatka
Anime/Anime,/AnimeAnime,Anime/Anime
Ina Garten,/Ina-Garten,Ina Garten
Empanadillo,/Empanadillo,Empanadillo
Inveterate otaku,/Inveterate-Otaku,Inveterate otaku
I VOLUNTEER,/I-Volunteer,I VOLUNTEER
officer_head,/Officer-Head,officer_head
Punch Line Eel,/Punch-Line-Eel,Punch Line Eel
Ferguson,/Ferguson,Ferguson
Kerrin,/Kerrin,Kerrin
AvPD Coyote,/Avpd-Coyote,AvPD Coyote
Alco-cat,/Alco-Cat,Alco-cat
Over Enthusiastic Pflag Mother,/Over-Enthusiastic-Pflag-Mother,Over Enthusiastic Pflag Mother
Advice Doctor,/Advice-Doctor,Advice Doctor
Advice Nigger,/Advice-Nigger,Advice Nigger
Psychology Major Rat,/Psychology-Major-Rat,Psychology Major Rat
John Lennon Meme,/John-Lennon-Meme,John Lennon Meme
haftbefehl,/Haftbefehl,haftbefehl
Grammar Nazi,/Grammar-Nazi,Grammar Nazi
Fandom Fox,/Fandom-Fox,Fandom Fox
Reception Rabbit,/Reception-Rabbit,Reception Rabbit
Funny_Jackson,/Funny-Jackson,Funny_Jackson
Moraalridder Daniel,/Moraalridder-Daniel,Moraalridder Daniel
Scared lemur,/Scared-Lemur,Scared lemur
Awesome Advice,/Awesome-Advice,Awesome Advice
TYPICAL HUMAN 2,/Typical-Human-2,TYPICAL HUMAN 2
Elitist Fashionista,/Elitist-Fashionista,Elitist Fashionista
Bodybuilder problems,/Bodybuilder-Problems,Bodybuilder problems
Hayley Williams,/Hayley-Williams,Hayley Williams
Optimistic Eddie Gray ,/Optimistic-Eddie-Gray,Optimistic Eddie Gray 
Extremely Attached GF,/Extremely-Attached-Gf,Extremely Attached GF
CSI Miami,/Csi-Miami,CSI Miami
stahp guys,/Stahp-Guys,stahp guys
lumpy space princess,/Lumpy-Space-Princess,lumpy space princess
typical-madist,/Typical-Madist,typical-madist
Tipichnuy BNTU,/Tipichnuy-Bntu,Tipichnuy BNTU
Typical snowboarder,/Typical-Snowboarder,Typical snowboarder
Typical Trance Listener,/Typical-Trance-Listener,Typical Trance Listener
Villain Cat,/Villain-Cat,Villain Cat
Schrute facts,/Schrute-Facts,Schrute facts
fuckmeright?,/Fuckmeright,fuckmeright?
Always Snape,/Always-Snape,Always Snape
Little peach,/Little-Peach,Little peach
SteveSays,/Stevesays,SteveSays
rebellious fluttershy ,/Rebellious-Fluttershy,rebellious fluttershy 
Bimborracho,/Bimborracho,Bimborracho
Chevy  Chase,/Chevy-Chase,Chevy  Chase
